-- ============================================================
-- TEP Data Pipeline - MySQL DDL + DML Script
-- Generated: 2026-02-08 19:21:05
-- Tables: 13
-- ============================================================

SET FOREIGN_KEY_CHECKS = 0;

-- ============================================================
-- DDL: CREATE TABLE STATEMENTS
-- ============================================================

DROP TABLE IF EXISTS `tb_m_project`;
CREATE TABLE `tb_m_project` (
  `project_id` INT AUTO_INCREMENT,
  `project_code` VARCHAR(50) NULL,
  `project_name` VARCHAR(50) NULL,
  `client` VARCHAR(50) NULL,
  `country` VARCHAR(50) NULL,
  `contract_type` VARCHAR(50) NULL,
  `original_contract_value` DECIMAL(18,2) NULL,
  `start_date` DATE NULL,
  `planned_end_date` DATE NULL,
  `actual_end_date` DATE NULL,
  `status` VARCHAR(50) NULL,
  PRIMARY KEY (`project_id`)
) ENGINE=InnoDB DEFAULT CHARSET=utf8mb4;

DROP TABLE IF EXISTS `tb_m_amendment`;
CREATE TABLE `tb_m_amendment` (
  `amendment_id` INT AUTO_INCREMENT,
  `project_id` INT NULL,
  `amendment_code` VARCHAR(50) NULL,
  `amendment_name` VARCHAR(50) NULL,
  `effective_date` DATE NULL,
  `total_contract_value` DECIMAL(18,2) NULL,
  `lump_sum_value` DECIMAL(18,2) NULL,
  `reimbursable_value` DECIMAL(18,2) NULL,
  `provisional_sum_value` DECIMAL(18,2) NULL,
  `backcharge_value` DECIMAL(18,2) NULL,
  `remarks` TEXT NULL,
  PRIMARY KEY (`amendment_id`)
) ENGINE=InnoDB DEFAULT CHARSET=utf8mb4;

DROP TABLE IF EXISTS `tb_m_cost_category`;
CREATE TABLE `tb_m_cost_category` (
  `category_id` INT AUTO_INCREMENT,
  `parent_category_id` INT NULL,
  `category_code` VARCHAR(50) NULL,
  `category_name` VARCHAR(64) NULL,
  `category_type` VARCHAR(50) NULL,
  `level` INT NULL,
  PRIMARY KEY (`category_id`)
) ENGINE=InnoDB DEFAULT CHARSET=utf8mb4;

DROP TABLE IF EXISTS `tb_m_cost_discipline`;
CREATE TABLE `tb_m_cost_discipline` (
  `discipline_id` INT AUTO_INCREMENT,
  `discipline_code` VARCHAR(50) NULL,
  `discipline_name` VARCHAR(50) NULL,
  `discipline_group` VARCHAR(50) NULL,
  PRIMARY KEY (`discipline_id`)
) ENGINE=InnoDB DEFAULT CHARSET=utf8mb4;

DROP TABLE IF EXISTS `tb_m_subcontractor`;
CREATE TABLE `tb_m_subcontractor` (
  `subcontractor_id` INT AUTO_INCREMENT,
  `project_id` INT NULL,
  `subcontractor_name` VARCHAR(50) NULL,
  `contract_number` VARCHAR(50) NULL,
  `scope_of_work` TEXT NULL,
  `contract_value` DECIMAL(18,2) NULL,
  `start_date` DATE NULL,
  `end_date` DATE NULL,
  PRIMARY KEY (`subcontractor_id`)
) ENGINE=InnoDB DEFAULT CHARSET=utf8mb4;

DROP TABLE IF EXISTS `tb_m_event`;
CREATE TABLE `tb_m_event` (
  `event_id` INT AUTO_INCREMENT,
  `project_id` INT NULL,
  `event_code` VARCHAR(50) NULL,
  `event_name` VARCHAR(50) NULL,
  `event_type` VARCHAR(50) NULL,
  `start_date` DATE NULL,
  `end_date` DATE NULL,
  `description` TEXT NULL,
  PRIMARY KEY (`event_id`)
) ENGINE=InnoDB DEFAULT CHARSET=utf8mb4;

DROP TABLE IF EXISTS `tb_t_contract_value`;
CREATE TABLE `tb_t_contract_value` (
  `id` INT,
  `amendment_id` INT NULL,
  `cost_category_id` INT NULL,
  `description` TEXT NULL,
  `amount_usd` DECIMAL(18,2) NULL,
  `remarks` TEXT NULL,
  PRIMARY KEY (`id`)
) ENGINE=InnoDB DEFAULT CHARSET=utf8mb4;

DROP TABLE IF EXISTS `tb_t_monthly_cost`;
CREATE TABLE `tb_t_monthly_cost` (
  `id` INT,
  `year` INT NULL,
  `month` INT NULL,
  `cost_type` VARCHAR(50) NULL,
  `monthly_amount_musd` DECIMAL(18,2) NULL,
  `cumulative_amount_musd` DECIMAL(18,2) NULL,
  `project_id` INT NULL,
  PRIMARY KEY (`id`)
) ENGINE=InnoDB DEFAULT CHARSET=utf8mb4;

DROP TABLE IF EXISTS `tb_t_monthly_pob`;
CREATE TABLE `tb_t_monthly_pob` (
  `id` INT,
  `year` INT NULL,
  `month` INT NULL,
  `pob_count` INT NULL,
  `isolation_count` INT NULL,
  `project_id` INT NULL,
  `remarks` TEXT NULL,
  PRIMARY KEY (`id`)
) ENGINE=InnoDB DEFAULT CHARSET=utf8mb4;

DROP TABLE IF EXISTS `tb_t_pamf_claim`;
CREATE TABLE `tb_t_pamf_claim` (
  `id` INT,
  `project_id` INT NULL,
  `discipline_id` INT NULL,
  `discipline` VARCHAR(50) NULL,
  `pamf_group` VARCHAR(50) NULL,
  `label` VARCHAR(64) NULL,
  `level` INT NULL,
  `pamf_count` INT NULL,
  `claim_amount_usd` DECIMAL(18,2) NULL,
  PRIMARY KEY (`id`)
) ENGINE=InnoDB DEFAULT CHARSET=utf8mb4;

DROP TABLE IF EXISTS `tb_t_variation_order`;
CREATE TABLE `tb_t_variation_order` (
  `vo_id` INT AUTO_INCREMENT,
  `project_id` INT NULL,
  `vo_number` VARCHAR(50) NULL,
  `vo_name` VARCHAR(64) NULL,
  `amount_usd` DECIMAL(18,2) NULL,
  `status` VARCHAR(50) NULL,
  `approved_in_amendment` INT NULL,
  `approved_date` DATE NULL,
  PRIMARY KEY (`vo_id`)
) ENGINE=InnoDB DEFAULT CHARSET=utf8mb4;

DROP TABLE IF EXISTS `tb_t_subcontractor_monthly`;
CREATE TABLE `tb_t_subcontractor_monthly` (
  `id` INT,
  `year` INT NULL,
  `month` INT NULL,
  `value` DECIMAL(18,2) NULL,
  `metric` VARCHAR(50) NULL,
  `excel_row` INT NULL,
  `raw_label` VARCHAR(50) NULL,
  `subcontractor` VARCHAR(50) NULL,
  `subcontractor_id` INT NULL,
  PRIMARY KEY (`id`)
) ENGINE=InnoDB DEFAULT CHARSET=utf8mb4;

DROP TABLE IF EXISTS `tb_t_project_progress`;
CREATE TABLE `tb_t_project_progress` (
  `id` INT,
  `subcontractor` VARCHAR(50) NULL,
  `year` INT NULL,
  `month` INT NULL,
  `overall_progress_pct` DECIMAL(10,6) NULL,
  `plan_progress_pct` DECIMAL(10,6) NULL,
  `subcontractor_id` INT NULL,
  `project_id` INT NULL,
  PRIMARY KEY (`id`)
) ENGINE=InnoDB DEFAULT CHARSET=utf8mb4;

-- ============================================================
-- DML: INSERT STATEMENTS
-- ============================================================

-- tb_m_project (1 rows)
INSERT INTO `tb_m_project` (`project_id`, `project_code`, `project_name`, `client`, `country`, `contract_type`, `original_contract_value`, `start_date`, `planned_end_date`, `actual_end_date`, `status`) VALUES
  (1, 'TEP', 'Tangguh Expansion Project', 'BP Berau Ltd', 'Indonesia', 'EPCI', 2432775726, '2016-06-01', '2023-12-31', NULL, 'In Progress');

-- tb_m_amendment (6 rows)
INSERT INTO `tb_m_amendment` (`amendment_id`, `project_id`, `amendment_code`, `amendment_name`, `effective_date`, `total_contract_value`, `lump_sum_value`, `reimbursable_value`, `provisional_sum_value`, `backcharge_value`, `remarks`) VALUES
  (1, 1, 'ORIGINAL', 'Original Contract', '2016-06-01', 2432775726, 2396417606, 0, 36358120, 0, 'Original EPCI Contract Award'),
  (2, 1, 'AMD-1', 'Amendment 1', '2017-01-01', 2367252730, 2330894610, 0, 36358120, 0, 'Novated contract adjustment'),
  (3, 1, 'AMD-2', 'Amendment 2', '2019-05-01', 3140999999, 2666580182, 438061697, 36358120, 0, 'Scope restructure: VOs 1-9, logistics RCE'),
  (4, 1, 'AMD-3', 'Amendment 3', '2020-12-01', 3628379837, 2643421716, 731743291, 272958120, -19743290, 'COVID-19 response, FGRS RCE'),
  (5, 1, 'AMD-4', 'Amendment 4', '2022-06-01', 4264450678, 2643421716, 1196229990, 444542262, -19743290, 'COVID FM costs, expanded reimbursable'),
  (6, 1, 'AMD-5', 'Amendment 5', '2024-01-01', 5047871388, 2643421716, 1957442382, 466750580, -19743290, 'Final: COVID Tier 4, PP35, commissioning');

-- tb_m_cost_category (42 rows)
INSERT INTO `tb_m_cost_category` (`category_id`, `parent_category_id`, `category_code`, `category_name`, `category_type`, `level`) VALUES
  (1, NULL, 'A', 'EPC LUMP SUM', 'LUMP_SUM', 1),
  (2, 1.0, '1', 'PROJECT MANAGEMENT', 'LUMP_SUM', 2),
  (3, 1.0, '2', 'ENGINEERING', 'LUMP_SUM', 2),
  (4, 1.0, '3', 'PROCUREMENT', 'LUMP_SUM', 2),
  (5, 1.0, '3.1', 'Procurement of Equipment', 'LUMP_SUM', 2),
  (6, 1.0, '3.2', 'Procurement of Bulk Material', 'LUMP_SUM', 2),
  (7, 1.0, '3.3', 'Capital Spare and Construction Spare', 'LUMP_SUM', 2),
  (8, 1.0, '4', 'CONSTRUCTION', 'LUMP_SUM', 2),
  (9, 1.0, '4.1', 'Permanent LNG Train & Facilities', 'LUMP_SUM', 2),
  (10, 1.0, '4.2', 'Site Temp. Facilities, mob demob', 'LUMP_SUM', 2),
  (11, 1.0, '4.3', 'Facilities and services for COMPANY', 'LUMP_SUM', 2),
  (12, 1.0, '5', 'LOGISTICS', 'LUMP_SUM', 2),
  (13, 1.0, '6', 'COMMISSIONING', 'LUMP_SUM', 2),
  (14, 1.0, '7', 'SPENT MILESTONES PAYMENT', 'LUMP_SUM', 2),
  (15, 1.0, '8', 'REMAINING MILESTONES PAYMENT', 'LUMP_SUM', 2),
  (16, 1.0, '9', 'NOVATED CONTRACTS', 'LUMP_SUM', 2),
  (17, 1.0, '9.1', 'APCI Contract', 'LUMP_SUM', 2),
  (18, 1.0, '9.2', 'GE Contract', 'LUMP_SUM', 2),
  (19, 1.0, '10', 'APPROVED VOs (VO No. 1 - 9)', 'LUMP_SUM', 2),
  (20, 1.0, '11', 'APPROVED VOs (VO No. 10)', 'LUMP_SUM', 2),
  (21, 1.0, '12', 'Existing VORs agreed as part of AMENDMENT 3', 'LUMP_SUM', 2),
  (22, NULL, 'B', 'REIMBURSABLE CHARGES', 'REIMBURSABLE', 1),
  (23, 22.0, '1', 'PROJECT MANAGEMENT', 'REIMBURSABLE', 2),
  (24, 22.0, '2', 'ENGINEERING', 'REIMBURSABLE', 2),
  (25, 22.0, '3', 'PROCUREMENT', 'REIMBURSABLE', 2),
  (26, 22.0, '4', 'CONSTRUCTION', 'REIMBURSABLE', 2),
  (27, 22.0, '4.1', 'Permanent LNG Train & Facilities', 'REIMBURSABLE', 2),
  (28, 22.0, '4.2', 'Site Temp. Facilities, mob demob', 'REIMBURSABLE', 2),
  (29, 22.0, '4.3', 'Facilities and services for COMPANY', 'REIMBURSABLE', 2),
  (30, 22.0, '5', 'COMMISSIONING', 'REIMBURSABLE', 2),
  (31, 22.0, '6', 'List of VARIATIONS', 'REIMBURSABLE', 2),
  (32, 22.0, '7', 'LOGISTICS', 'REIMBURSABLE', 2),
  (33, NULL, 'C', 'PROVISIONAL SUM', 'PROVISIONAL', 1),
  (34, 33.0, '1', 'Provisional Sums', 'PROVISIONAL', 2),
  (35, 33.0, '2', 'Additional COVID-19 costs', 'PROVISIONAL', 2),
  (36, 33.0, '2.1', 'Direct COVID-19 Costs', 'PROVISIONAL', 2),
  (37, 33.0, '2.2', 'Other Related COVID-19 Costs', 'PROVISIONAL', 2),
  (38, 33.0, '2.3', 'COVID-19 Force Majeure Costs', 'PROVISIONAL', 2),
  (39, 33.0, '2.4', 'COVID-19 Tier 4 (Outbreak 2)', 'PROVISIONAL', 2),
  (40, 33.0, '3', 'Change in Labor Law (PP35)', 'PROVISIONAL', 2),
  (41, NULL, 'D', 'BACKCHARGE', 'BACKCHARGE', 1),
  (42, 41.0, '1', 'Backcharge for Fuel Onshore Equipment', 'BACKCHARGE', 2);

-- tb_m_cost_discipline (15 rows)
INSERT INTO `tb_m_cost_discipline` (`discipline_id`, `discipline_code`, `discipline_name`, `discipline_group`) VALUES
  (1, '01', 'covid', 'COVID'),
  (2, '02', 'logistic', 'LOGISTIC'),
  (3, '03', 'PMT', 'PMT'),
  (4, '04', 'SMT', 'SMT'),
  (5, '05', '09 COVID-19 IMPACT', 'SUB'),
  (6, '06', 'BP ADDITIONAL REQUEST', 'SUB'),
  (7, '07', 'LOGISTIC', 'SUB'),
  (8, '08', '01 PROJECT MANAGEMENT', 'SUB'),
  (9, '09', '02 ENGINEERING', 'SUB'),
  (10, '10', '04 CONSTRUCTION PERMANENT', 'SUB'),
  (11, '11', '05 TEMPORARY WORKS', 'SUB'),
  (12, '12', '03 PROCUREMENT', 'SUB'),
  (13, '13', '07 COMMISSIONING', 'SUB'),
  (14, '14', '10 BP ADDITIONAL REQUEST', 'SUB'),
  (15, '15', 'TEMPORARY FACILITIES', 'SUB');

-- tb_m_subcontractor (3 rows)
INSERT INTO `tb_m_subcontractor` (`subcontractor_id`, `project_id`, `subcontractor_name`, `contract_number`, `scope_of_work`, `contract_value`, `start_date`, `end_date`) VALUES
  (1, 1, 'Meindo', '', 'Piping Erection', NULL, NULL, NULL),
  (2, 1, 'Penta', '', 'Piping Erection', NULL, NULL, NULL),
  (3, 1, 'Daewoo', '1306754', 'General Construction / Piping Erection', NULL, NULL, NULL);

-- tb_m_event (10 rows)
INSERT INTO `tb_m_event` (`event_id`, `project_id`, `event_code`, `event_name`, `event_type`, `start_date`, `end_date`, `description`) VALUES
  (1, 1, 'CONTRACT_AWARD', 'Contract Award', 'MILESTONE', '2016-06-01', NULL, 'Original EPCI Contract signed'),
  (2, 1, 'AMD_1', 'Amendment 1', 'AMENDMENT', '2017-01-01', NULL, 'Novated contract adjustment (GE contract)'),
  (3, 1, 'AMD_2', 'Amendment 2', 'AMENDMENT', '2019-05-01', NULL, 'Major scope restructure: reimbursable, VOs, logistics'),
  (4, 1, 'COVID_PANDEMIC', 'COVID-19 Pandemic Onset', 'PANDEMIC', '2020-03-01', NULL, 'COVID-19 begins affecting project, POB restricted 12000+ to ~6300'),
  (5, 1, 'FM', 'Force Majeure Declaration', 'FORCE_MAJEURE', '2020-12-01', NULL, 'Force Majeure declared due to COVID-19 impact'),
  (6, 1, 'AMD_3', 'Amendment 3', 'AMENDMENT', '2020-12-01', NULL, 'COVID response, FGRS RCE, additional provisional sums'),
  (7, 1, 'OUTBREAK_2', '2nd COVID Outbreak (Delta)', 'OUTBREAK', '2021-07-01', '2021-12-31', 'Second COVID outbreak at Tangguh site (Delta variant)'),
  (8, 1, 'AMD_4', 'Amendment 4', 'AMENDMENT', '2022-06-01', NULL, 'Extended COVID FM costs, expanded reimbursable'),
  (9, 1, 'OUTBREAK_3', '3rd COVID Outbreak (Omicron)', 'OUTBREAK', '2022-01-01', '2022-06-30', 'Third COVID outbreak (Omicron variant)'),
  (10, 1, 'AMD_5', 'Amendment 5', 'AMENDMENT', '2024-01-01', NULL, 'Final amendment: COVID Tier 4, labor law PP35, commissioning');

-- tb_t_contract_value (258 rows)
INSERT INTO `tb_t_contract_value` (`id`, `amendment_id`, `cost_category_id`, `description`, `amount_usd`, `remarks`) VALUES
  (1, 1, 1.0, 'EPC LUMP SUM', 2396417606, NULL),
  (2, 1, 1.0, 'PROJECT MANAGEMENT', 157861778, NULL),
  (3, 1, 1.0, 'ENGINEERING', 149829449, NULL),
  (4, 1, 1.0, 'PROCUREMENT', 606018791, NULL),
  (5, 1, 1.0, 'Procurement of Equipment', NULL, NULL),
  (6, 1, 1.0, 'Procurement of Bulk Material', NULL, NULL),
  (7, 1, 1.0, 'Capital Spare and Construction Spare', NULL, NULL),
  (8, 1, 1.0, 'CONSTRUCTION', 877712530, NULL),
  (9, 1, 1.0, 'Permanent LNG Train & Facilities', NULL, NULL),
  (10, 1, 1.0, 'Site Temp. Facilities, mob demob', NULL, NULL),
  (11, 1, 1.0, 'Facilities and services for COMPANY', NULL, NULL),
  (12, 1, 1.0, 'LOGISTICS', 278555634, NULL),
  (13, 1, 1.0, 'COMMISSIONING', 39306324, NULL),
  (14, 1, 1.0, 'SPENT MILESTONES PAYMENT', NULL, NULL),
  (15, 1, 1.0, 'REMAINING MILESTONES PAYMENT', NULL, NULL),
  (16, 1, 1.0, 'NOVATED CONTRACTS', 287133100, NULL),
  (17, 1, 1.0, 'APCI Contract', 37133100, NULL),
  (18, 1, 1.0, 'GE Contract', 250000000, NULL),
  (19, 1, 1.0, 'APPROVED VOs (VO No. 1 - 9)', NULL, NULL),
  (20, 1, 1.0, 'APPROVED VOs (VO No. 10)', NULL, NULL),
  (21, 1, 1.0, 'Existing VORs agreed as part of AMENDMENT 3', NULL, NULL),
  (22, 1, 2.0, 'REIMBURSABLE CHARGES', NULL, NULL),
  (23, 1, 2.0, 'PROJECT MANAGEMENT', NULL, NULL),
  (24, 1, 2.0, 'ENGINEERING', NULL, NULL),
  (25, 1, 2.0, 'PROCUREMENT', NULL, NULL),
  (26, 1, 2.0, 'CONSTRUCTION', NULL, NULL),
  (27, 1, 2.0, 'Permanent LNG Train & Facilities', NULL, NULL),
  (28, 1, 2.0, 'Site Temp. Facilities, mob demob', NULL, NULL),
  (29, 1, 2.0, 'Facilities and services for COMPANY', NULL, NULL),
  (30, 1, 2.0, 'COMMISSIONING', NULL, NULL),
  (31, 1, 2.0, 'List of VARIATIONS', NULL, NULL),
  (32, 1, 2.0, 'Subtotal Target Reimbursable Post FGRS Costs', NULL, NULL),
  (33, 1, 2.0, 'LOGISTICS', NULL, NULL),
  (34, 1, 3.0, 'PROVISIONAL SUM', 36358120, NULL),
  (35, 1, 3.0, 'Provisional Sums', 36358120, NULL),
  (36, 1, 3.0, 'Additional COVID-19 costs', NULL, NULL),
  (37, 1, 3.0, 'Direct COVID-19 Costs', NULL, NULL),
  (38, 1, 3.0, 'Other Related COVID-19 Costs', NULL, NULL),
  (39, 1, 3.0, 'COVID-19 Force Majeure Costs', NULL, NULL),
  (40, 1, 3.0, 'COVID-19 Tier 4 (Outbreak 2)', NULL, NULL),
  (41, 1, 3.0, 'Change in Labor Law (PP35)', NULL, NULL),
  (42, 1, 4.0, 'BACKCHARGE', NULL, NULL),
  (43, 1, 4.0, 'Backcharge for Fuel Onshore Equipment', NULL, NULL),
  (44, 2, 1.0, 'EPC LUMP SUM', 2330894610, NULL),
  (45, 2, 1.0, 'PROJECT MANAGEMENT', 157861778, NULL),
  (46, 2, 1.0, 'ENGINEERING', 149829449, NULL),
  (47, 2, 1.0, 'PROCUREMENT', 606018791, NULL),
  (48, 2, 1.0, 'Procurement of Equipment', NULL, NULL),
  (49, 2, 1.0, 'Procurement of Bulk Material', NULL, NULL),
  (50, 2, 1.0, 'Capital Spare and Construction Spare', NULL, NULL);

INSERT INTO `tb_t_contract_value` (`id`, `amendment_id`, `cost_category_id`, `description`, `amount_usd`, `remarks`) VALUES
  (51, 2, 1.0, 'CONSTRUCTION', 877712530, NULL),
  (52, 2, 1.0, 'Permanent LNG Train & Facilities', NULL, NULL),
  (53, 2, 1.0, 'Site Temp. Facilities, mob demob', NULL, NULL),
  (54, 2, 1.0, 'Facilities and services for COMPANY', NULL, NULL),
  (55, 2, 1.0, 'LOGISTICS', 278555634, NULL),
  (56, 2, 1.0, 'COMMISSIONING', 39306324, NULL),
  (57, 2, 1.0, 'SPENT MILESTONES PAYMENT', NULL, NULL),
  (58, 2, 1.0, 'REMAINING MILESTONES PAYMENT', NULL, NULL),
  (59, 2, 1.0, 'NOVATED CONTRACTS', 221610104, NULL),
  (60, 2, 1.0, 'APCI Contract', 39111743, NULL),
  (61, 2, 1.0, 'GE Contract', 182498361, NULL),
  (62, 2, 1.0, 'APPROVED VOs (VO No. 1 - 9)', NULL, NULL),
  (63, 2, 1.0, 'APPROVED VOs (VO No. 10)', NULL, NULL),
  (64, 2, 1.0, 'Existing VORs agreed as part of AMENDMENT 3', NULL, NULL),
  (65, 2, 2.0, 'REIMBURSABLE CHARGES', NULL, NULL),
  (66, 2, 2.0, 'PROJECT MANAGEMENT', NULL, NULL),
  (67, 2, 2.0, 'ENGINEERING', NULL, NULL),
  (68, 2, 2.0, 'PROCUREMENT', NULL, NULL),
  (69, 2, 2.0, 'CONSTRUCTION', NULL, NULL),
  (70, 2, 2.0, 'Permanent LNG Train & Facilities', NULL, NULL),
  (71, 2, 2.0, 'Site Temp. Facilities, mob demob', NULL, NULL),
  (72, 2, 2.0, 'Facilities and services for COMPANY', NULL, NULL),
  (73, 2, 2.0, 'COMMISSIONING', NULL, NULL),
  (74, 2, 2.0, 'List of VARIATIONS', NULL, NULL),
  (75, 2, 2.0, 'Subtotal Target Reimbursable Post FGRS Costs', NULL, NULL),
  (76, 2, 2.0, 'LOGISTICS', NULL, NULL),
  (77, 2, 3.0, 'PROVISIONAL SUM', 36358120, NULL),
  (78, 2, 3.0, 'Provisional Sums', 36358120, NULL),
  (79, 2, 3.0, 'Additional COVID-19 costs', NULL, NULL),
  (80, 2, 3.0, 'Direct COVID-19 Costs', NULL, NULL),
  (81, 2, 3.0, 'Other Related COVID-19 Costs', NULL, NULL),
  (82, 2, 3.0, 'COVID-19 Force Majeure Costs', NULL, NULL),
  (83, 2, 3.0, 'COVID-19 Tier 4 (Outbreak 2)', NULL, NULL),
  (84, 2, 3.0, 'Change in Labor Law (PP35)', NULL, NULL),
  (85, 2, 4.0, 'BACKCHARGE', NULL, NULL),
  (86, 2, 4.0, 'Backcharge for Fuel Onshore Equipment', NULL, NULL),
  (87, 3, 1.0, 'EPC LUMP SUM', 2666580182, NULL),
  (88, 3, 1.0, 'PROJECT MANAGEMENT', 179224169, NULL),
  (89, 3, 1.0, 'ENGINEERING', 223418208, NULL),
  (90, 3, 1.0, 'PROCUREMENT', 637862285, NULL),
  (91, 3, 1.0, 'Procurement of Equipment', 315071544, NULL),
  (92, 3, 1.0, 'Procurement of Bulk Material', 314408323, NULL),
  (93, 3, 1.0, 'Capital Spare and Construction Spare', 8382418, NULL),
  (94, 3, 1.0, 'CONSTRUCTION', 558735886, NULL),
  (95, 3, 1.0, 'Permanent LNG Train & Facilities', 201359259, NULL),
  (96, 3, 1.0, 'Site Temp. Facilities, mob demob', 346210292, NULL),
  (97, 3, 1.0, 'Facilities and services for COMPANY', 11166335, NULL),
  (98, 3, 1.0, 'LOGISTICS', 163698976, NULL),
  (99, 3, 1.0, 'COMMISSIONING', 12831455, NULL),
  (100, 3, 1.0, 'SPENT MILESTONES PAYMENT', 247840929, NULL);

INSERT INTO `tb_t_contract_value` (`id`, `amendment_id`, `cost_category_id`, `description`, `amount_usd`, `remarks`) VALUES
  (101, 3, 1.0, 'REMAINING MILESTONES PAYMENT', 395000000, NULL),
  (102, 3, 1.0, 'NOVATED CONTRACTS', 221610104, NULL),
  (103, 3, 1.0, 'APCI Contract', 39111743, NULL),
  (104, 3, 1.0, 'GE Contract', 182498361, NULL),
  (105, 3, 1.0, 'APPROVED VOs (VO No. 1 - 9)', 26358170, NULL),
  (106, 3, 1.0, 'APPROVED VOs (VO No. 10)', NULL, NULL),
  (107, 3, 1.0, 'Existing VORs agreed as part of AMENDMENT 3', NULL, NULL),
  (108, 3, 2.0, 'REIMBURSABLE CHARGES', 438061697, NULL),
  (109, 3, 2.0, 'PROJECT MANAGEMENT', 35824735, NULL),
  (110, 3, 2.0, 'ENGINEERING', 2862134, NULL),
  (111, 3, 2.0, 'PROCUREMENT', NULL, NULL),
  (112, 3, 2.0, 'CONSTRUCTION', 122903506, NULL),
  (113, 3, 2.0, 'Permanent LNG Train & Facilities', 88093907, NULL),
  (114, 3, 2.0, 'Site Temp. Facilities, mob demob', 34809599, NULL),
  (115, 3, 2.0, 'Facilities and services for COMPANY', NULL, NULL),
  (116, 3, 2.0, 'COMMISSIONING', 26471322, NULL),
  (117, 3, 2.0, 'List of VARIATIONS', NULL, NULL),
  (118, 3, 2.0, 'Subtotal Target Reimbursable Post FGRS Costs', 188061697, NULL),
  (119, 3, 2.0, 'LOGISTICS', 250000000, NULL),
  (120, 3, 3.0, 'PROVISIONAL SUM', 36358120, NULL),
  (121, 3, 3.0, 'Provisional Sums', 36358120, NULL),
  (122, 3, 3.0, 'Additional COVID-19 costs', NULL, NULL),
  (123, 3, 3.0, 'Direct COVID-19 Costs', NULL, NULL),
  (124, 3, 3.0, 'Other Related COVID-19 Costs', NULL, NULL),
  (125, 3, 3.0, 'COVID-19 Force Majeure Costs', NULL, NULL),
  (126, 3, 3.0, 'COVID-19 Tier 4 (Outbreak 2)', NULL, NULL),
  (127, 3, 3.0, 'Change in Labor Law (PP35)', NULL, NULL),
  (128, 3, 4.0, 'BACKCHARGE', NULL, NULL),
  (129, 3, 4.0, 'Backcharge for Fuel Onshore Equipment', NULL, NULL),
  (130, 4, 1.0, 'EPC LUMP SUM', 2643421716, NULL),
  (131, 4, 1.0, 'PROJECT MANAGEMENT', 174224492, NULL),
  (132, 4, 1.0, 'ENGINEERING', 222446401, NULL),
  (133, 4, 1.0, 'PROCUREMENT', 637862285, NULL),
  (134, 4, 1.0, 'Procurement of Equipment', 311065225, NULL),
  (135, 4, 1.0, 'Procurement of Bulk Material', 326797060, NULL),
  (136, 4, 1.0, 'Capital Spare and Construction Spare', NULL, NULL),
  (137, 4, 1.0, 'CONSTRUCTION', 516259632, NULL),
  (138, 4, 1.0, 'Permanent LNG Train & Facilities', 180462938, NULL),
  (139, 4, 1.0, 'Site Temp. Facilities, mob demob', 335796694, NULL),
  (140, 4, 1.0, 'Facilities and services for COMPANY', NULL, NULL),
  (141, 4, 1.0, 'LOGISTICS', 180842196, NULL),
  (142, 4, 1.0, 'COMMISSIONING', 10304365, NULL),
  (143, 4, 1.0, 'SPENT MILESTONES PAYMENT', 617840931, NULL),
  (144, 4, 1.0, 'REMAINING MILESTONES PAYMENT', 24999998, NULL),
  (145, 4, 1.0, 'NOVATED CONTRACTS', 221610104, NULL),
  (146, 4, 1.0, 'APCI Contract', 39111743, NULL),
  (147, 4, 1.0, 'GE Contract', 182498361, NULL),
  (148, 4, 1.0, 'APPROVED VOs (VO No. 1 - 9)', 26358170, NULL),
  (149, 4, 1.0, 'APPROVED VOs (VO No. 10)', 6788254, NULL),
  (150, 4, 1.0, 'Existing VORs agreed as part of AMENDMENT 3', 3884888, NULL);

INSERT INTO `tb_t_contract_value` (`id`, `amendment_id`, `cost_category_id`, `description`, `amount_usd`, `remarks`) VALUES
  (151, 4, 2.0, 'REIMBURSABLE CHARGES', 731743291, NULL),
  (152, 4, 2.0, 'PROJECT MANAGEMENT', 83601424, NULL),
  (153, 4, 2.0, 'ENGINEERING', 4910487, NULL),
  (154, 4, 2.0, 'PROCUREMENT', NULL, NULL),
  (155, 4, 2.0, 'CONSTRUCTION', 306760057, NULL),
  (156, 4, 2.0, 'Permanent LNG Train & Facilities', 213696279, NULL),
  (157, 4, 2.0, 'Site Temp. Facilities, mob demob', 93063778, NULL),
  (158, 4, 2.0, 'Facilities and services for COMPANY', NULL, NULL),
  (159, 4, 2.0, 'COMMISSIONING', 26471323, NULL),
  (160, 4, 2.0, 'List of VARIATIONS', NULL, NULL),
  (161, 4, 2.0, 'Subtotal Target Reimbursable Post FGRS Costs', 421743291, NULL),
  (162, 4, 2.0, 'LOGISTICS', 310000000, NULL),
  (163, 4, 3.0, 'PROVISIONAL SUM', 272958120, NULL),
  (164, 4, 3.0, 'Provisional Sums', 36358120, NULL),
  (165, 4, 3.0, 'Additional COVID-19 costs', 236600000, NULL),
  (166, 4, 3.0, 'Direct COVID-19 Costs', 206600000, NULL),
  (167, 4, 3.0, 'Other Related COVID-19 Costs', 30000000, NULL),
  (168, 4, 3.0, 'COVID-19 Force Majeure Costs', NULL, NULL),
  (169, 4, 3.0, 'COVID-19 Tier 4 (Outbreak 2)', NULL, NULL),
  (170, 4, 3.0, 'Change in Labor Law (PP35)', NULL, NULL),
  (171, 4, 4.0, 'BACKCHARGE', -19743290, NULL),
  (172, 4, 4.0, 'Backcharge for Fuel Onshore Equipment', -19743290, NULL),
  (173, 5, 1.0, 'EPC LUMP SUM', 2643421716, NULL),
  (174, 5, 1.0, 'PROJECT MANAGEMENT', 174224492, NULL),
  (175, 5, 1.0, 'ENGINEERING', 222446401, NULL),
  (176, 5, 1.0, 'PROCUREMENT', 637862285, NULL),
  (177, 5, 1.0, 'Procurement of Equipment', 311065225, NULL),
  (178, 5, 1.0, 'Procurement of Bulk Material', 326797060, NULL),
  (179, 5, 1.0, 'Capital Spare and Construction Spare', NULL, NULL),
  (180, 5, 1.0, 'CONSTRUCTION', 516259632, NULL),
  (181, 5, 1.0, 'Permanent LNG Train & Facilities', 180462938, NULL),
  (182, 5, 1.0, 'Site Temp. Facilities, mob demob', 335796694, NULL),
  (183, 5, 1.0, 'Facilities and services for COMPANY', NULL, NULL),
  (184, 5, 1.0, 'LOGISTICS', 180842196, NULL),
  (185, 5, 1.0, 'COMMISSIONING', 10304365, NULL),
  (186, 5, 1.0, 'SPENT MILESTONES PAYMENT', 617840931, NULL),
  (187, 5, 1.0, 'REMAINING MILESTONES PAYMENT', 24999998, NULL),
  (188, 5, 1.0, 'NOVATED CONTRACTS', 221610104, NULL),
  (189, 5, 1.0, 'APCI Contract', 39111743, NULL),
  (190, 5, 1.0, 'GE Contract', 182498361, NULL),
  (191, 5, 1.0, 'APPROVED VOs (VO No. 1 - 9)', 26358170, NULL),
  (192, 5, 1.0, 'APPROVED VOs (VO No. 10)', 6788254, NULL),
  (193, 5, 1.0, 'Existing VORs agreed as part of AMENDMENT 3', 3884888, NULL),
  (194, 5, 2.0, 'REIMBURSABLE CHARGES', 1196229990, NULL),
  (195, 5, 2.0, 'PROJECT MANAGEMENT', 119991901, NULL),
  (196, 5, 2.0, 'ENGINEERING', 18610580, NULL),
  (197, 5, 2.0, 'PROCUREMENT', 6712090, NULL),
  (198, 5, 2.0, 'CONSTRUCTION', 612019910, NULL),
  (199, 5, 2.0, 'Permanent LNG Train & Facilities', 362618546, NULL),
  (200, 5, 2.0, 'Site Temp. Facilities, mob demob', 249401364, NULL);

INSERT INTO `tb_t_contract_value` (`id`, `amendment_id`, `cost_category_id`, `description`, `amount_usd`, `remarks`) VALUES
  (201, 5, 2.0, 'Facilities and services for COMPANY', NULL, NULL),
  (202, 5, 2.0, 'COMMISSIONING', 59502125, NULL),
  (203, 5, 2.0, 'List of VARIATIONS', 36933653, NULL),
  (204, 5, 2.0, 'Subtotal Target Reimbursable Post FGRS Costs', 853770259, NULL),
  (205, 5, 2.0, 'LOGISTICS', 342459731, NULL),
  (206, 5, 3.0, 'PROVISIONAL SUM', 444542262, NULL),
  (207, 5, 3.0, 'Provisional Sums', 36358120, NULL),
  (208, 5, 3.0, 'Additional COVID-19 costs', 408184142, NULL),
  (209, 5, 3.0, 'Direct COVID-19 Costs', 244937495, NULL),
  (210, 5, 3.0, 'Other Related COVID-19 Costs', 30000000, NULL),
  (211, 5, 3.0, 'COVID-19 Force Majeure Costs', 133246647, NULL),
  (212, 5, 3.0, 'COVID-19 Tier 4 (Outbreak 2)', NULL, NULL),
  (213, 5, 3.0, 'Change in Labor Law (PP35)', NULL, NULL),
  (214, 5, 4.0, 'BACKCHARGE', -19743290, NULL),
  (215, 5, 4.0, 'Backcharge for Fuel Onshore Equipment', -19743290, NULL),
  (216, 6, 1.0, 'EPC LUMP SUM', 2643421716, NULL),
  (217, 6, 1.0, 'PROJECT MANAGEMENT', 174224492, NULL),
  (218, 6, 1.0, 'ENGINEERING', 222446401, NULL),
  (219, 6, 1.0, 'PROCUREMENT', 637862285, NULL),
  (220, 6, 1.0, 'Procurement of Equipment', 311065225, NULL),
  (221, 6, 1.0, 'Procurement of Bulk Material', 326797060, NULL),
  (222, 6, 1.0, 'Capital Spare and Construction Spare', NULL, NULL),
  (223, 6, 1.0, 'CONSTRUCTION', 516259632, NULL),
  (224, 6, 1.0, 'Permanent LNG Train & Facilities', 180462938, NULL),
  (225, 6, 1.0, 'Site Temp. Facilities, mob demob', 335796694, NULL),
  (226, 6, 1.0, 'Facilities and services for COMPANY', NULL, NULL),
  (227, 6, 1.0, 'LOGISTICS', 180842196, NULL),
  (228, 6, 1.0, 'COMMISSIONING', 10304365, NULL),
  (229, 6, 1.0, 'SPENT MILESTONES PAYMENT', 617840931, NULL),
  (230, 6, 1.0, 'REMAINING MILESTONES PAYMENT', 24999998, NULL),
  (231, 6, 1.0, 'NOVATED CONTRACTS', 221610104, NULL),
  (232, 6, 1.0, 'APCI Contract', 39111743, NULL),
  (233, 6, 1.0, 'GE Contract', 182498361, NULL),
  (234, 6, 1.0, 'APPROVED VOs (VO No. 1 - 9)', 26358170, NULL),
  (235, 6, 1.0, 'APPROVED VOs (VO No. 10)', 6788254, NULL),
  (236, 6, 1.0, 'Existing VORs agreed as part of AMENDMENT 3', 3884888, NULL),
  (237, 6, 2.0, 'REIMBURSABLE CHARGES', 1957442382, NULL),
  (238, 6, 2.0, 'PROJECT MANAGEMENT', 213075246, NULL),
  (239, 6, 2.0, 'ENGINEERING', 32772204, NULL),
  (240, 6, 2.0, 'PROCUREMENT', 15523108, NULL),
  (241, 6, 2.0, 'CONSTRUCTION', 1094006822, NULL),
  (242, 6, 2.0, 'Permanent LNG Train & Facilities', 660389140, NULL),
  (243, 6, 2.0, 'Site Temp. Facilities, mob demob', 433617682, NULL),
  (244, 6, 2.0, 'Facilities and services for COMPANY', NULL, NULL),
  (245, 6, 2.0, 'COMMISSIONING', 106013242, NULL),
  (246, 6, 2.0, 'List of VARIATIONS', 48733653, NULL),
  (247, 6, 2.0, 'Subtotal Target Reimbursable Post FGRS Costs', 1510124275, NULL),
  (248, 6, 2.0, 'LOGISTICS', 447318107, NULL),
  (249, 6, 3.0, 'PROVISIONAL SUM', 466750580, NULL),
  (250, 6, 3.0, 'Provisional Sums', 36358120, NULL);

INSERT INTO `tb_t_contract_value` (`id`, `amendment_id`, `cost_category_id`, `description`, `amount_usd`, `remarks`) VALUES
  (251, 6, 3.0, 'Additional COVID-19 costs', 420177116, NULL),
  (252, 6, 3.0, 'Direct COVID-19 Costs', 244937495, NULL),
  (253, 6, 3.0, 'Other Related COVID-19 Costs', 30000000, NULL),
  (254, 6, 3.0, 'COVID-19 Force Majeure Costs', 95815523, NULL),
  (255, 6, 3.0, 'COVID-19 Tier 4 (Outbreak 2)', 49424098, NULL),
  (256, 6, 3.0, 'Change in Labor Law (PP35)', 10215344, NULL),
  (257, 6, 4.0, 'BACKCHARGE', -19743290, NULL),
  (258, 6, 4.0, 'Backcharge for Fuel Onshore Equipment', -19743290, NULL);

-- tb_t_monthly_cost (112 rows)
INSERT INTO `tb_t_monthly_cost` (`id`, `year`, `month`, `cost_type`, `monthly_amount_musd`, `cumulative_amount_musd`, `project_id`) VALUES
  (1, 2019, 5, 'FGRS_RCE', 15.506369, 15.506369, 1),
  (2, 2019, 6, 'FGRS_RCE', 33.99827, 49.504638, 1),
  (3, 2019, 7, 'FGRS_RCE', 54.469964, 103.974602, 1),
  (4, 2019, 8, 'FGRS_RCE', 76.816034, 180.790636, 1),
  (5, 2019, 9, 'FGRS_RCE', 100.370881, 281.161517, 1),
  (6, 2019, 10, 'FGRS_RCE', 124.382916, 405.544433, 1),
  (7, 2019, 11, 'FGRS_RCE', 145.524644, 551.069077, 1),
  (8, 2019, 12, 'FGRS_RCE', 167.155044, 718.224121, 1),
  (9, 2020, 1, 'FGRS_RCE', 186.663035, 904.887156, 1),
  (10, 2020, 2, 'FGRS_RCE', 205.168343, 1110.055499, 1),
  (11, 2020, 3, 'FGRS_RCE', 221.856628, 1331.912127, 1),
  (12, 2020, 4, 'FGRS_RCE', 234.176672, 1566.088799, 1),
  (13, 2020, 5, 'FGRS_RCE', 242.235106, 1808.323904, 1),
  (14, 2020, 6, 'FGRS_RCE', 250.990529, 2059.314433, 1),
  (15, 2020, 7, 'FGRS_RCE', 257.512824, 2316.827257, 1),
  (16, 2020, 8, 'FGRS_RCE', 262.79303, 2579.620287, 1),
  (17, 2020, 9, 'FGRS_RCE', 271.715111, 2851.335398, 1),
  (18, 2020, 10, 'FGRS_RCE', 276.031296, 3127.366694, 1),
  (19, 2020, 11, 'FGRS_RCE', 282.734094, 3410.100788, 1),
  (20, 2020, 12, 'FGRS_RCE', 287.628516, 3697.729303, 1),
  (21, 2021, 1, 'FGRS_RCE', 291.323438, 3989.052741, 1),
  (22, 2021, 2, 'FGRS_RCE', 295.20164, 4284.254381, 1),
  (23, 2021, 3, 'FGRS_RCE', 300.104263, 4584.358644, 1),
  (24, 2021, 4, 'FGRS_RCE', 304.290406, 4888.64905, 1),
  (25, 2021, 5, 'FGRS_RCE', 309.037899, 5197.686949, 1),
  (26, 2021, 6, 'FGRS_RCE', 312.994234, 5510.681183, 1),
  (27, 2021, 7, 'FGRS_RCE', 317.03329, 5827.714473, 1),
  (28, 2021, 8, 'FGRS_RCE', 320.988358, 6148.702831, 1),
  (29, 2021, 9, 'FGRS_RCE', 324.784318, 6473.487149, 1),
  (30, 2021, 10, 'FGRS_RCE', 328.107508, 6801.594657, 1),
  (31, 2021, 11, 'FGRS_RCE', 333.014983, 7134.60964, 1),
  (32, 2021, 12, 'FGRS_RCE', 337.184969, 7471.79461, 1),
  (33, 2022, 1, 'FGRS_RCE', 341.639348, 7813.433957, 1),
  (34, 2022, 2, 'FGRS_RCE', 346.546474, 8159.980432, 1),
  (35, 2022, 3, 'FGRS_RCE', 351.038602, 8511.019033, 1),
  (36, 2022, 4, 'FGRS_RCE', 355.406849, 8866.425883, 1),
  (37, 2022, 5, 'FGRS_RCE', 360.554948, 9226.98083, 1),
  (38, 2022, 6, 'FGRS_RCE', 364.568207, 9591.549038, 1),
  (39, 2022, 7, 'FGRS_RCE', 368.586954, 9960.135992, 1),
  (40, 2022, 8, 'FGRS_RCE', 372.352839, 10332.488831, 1),
  (41, 2022, 9, 'FGRS_RCE', 377.395956, 10709.884787, 1),
  (42, 2022, 10, 'FGRS_RCE', 381.585352, 11091.470139, 1),
  (43, 2022, 11, 'FGRS_RCE', 385.905844, 11477.375983, 1),
  (44, 2022, 12, 'FGRS_RCE', 390.270322, 11867.646305, 1),
  (45, 2023, 1, 'FGRS_RCE', 394.74172, 12262.388025, 1),
  (46, 2023, 2, 'FGRS_RCE', 399.317774, 12661.705799, 1),
  (47, 2023, 3, 'FGRS_RCE', 403.669521, 13065.37532, 1),
  (48, 2023, 4, 'FGRS_RCE', 406.595562, 13471.970882, 1),
  (49, 2023, 5, 'FGRS_RCE', 410.771681, 13882.742564, 1),
  (50, 2023, 6, 'FGRS_RCE', 414.749308, 14297.491872, 1);

INSERT INTO `tb_t_monthly_cost` (`id`, `year`, `month`, `cost_type`, `monthly_amount_musd`, `cumulative_amount_musd`, `project_id`) VALUES
  (51, 2023, 7, 'FGRS_RCE', 418.499909, 14715.991782, 1),
  (52, 2023, 8, 'FGRS_RCE', 422.241252, 15138.233033, 1),
  (53, 2023, 9, 'FGRS_RCE', 425.66433, 15563.897364, 1),
  (54, 2023, 10, 'FGRS_RCE', 429.46733, 15993.364694, 1),
  (55, 2023, 11, 'FGRS_RCE', 434.299066, 16427.663759, 1),
  (56, 2023, 12, 'FGRS_RCE', 438.903645, 16866.567404, 1),
  (57, 2019, 5, 'LOGI_RCE', 15.506369, 15.506369, 1),
  (58, 2019, 6, 'LOGI_RCE', 18.491901, 33.99827, 1),
  (59, 2019, 7, 'LOGI_RCE', 20.471694, 54.469964, 1),
  (60, 2019, 8, 'LOGI_RCE', 22.34607, 76.816034, 1),
  (61, 2019, 9, 'LOGI_RCE', 23.554847, 100.370881, 1),
  (62, 2019, 10, 'LOGI_RCE', 24.012034, 124.382916, 1),
  (63, 2019, 11, 'LOGI_RCE', 21.141728, 145.524644, 1),
  (64, 2019, 12, 'LOGI_RCE', 21.630401, 167.155044, 1),
  (65, 2020, 1, 'LOGI_RCE', 19.50799, 186.663035, 1),
  (66, 2020, 2, 'LOGI_RCE', 18.505308, 205.168343, 1),
  (67, 2020, 3, 'LOGI_RCE', 16.688285, 221.856628, 1),
  (68, 2020, 4, 'LOGI_RCE', 12.320043, 234.176672, 1),
  (69, 2020, 5, 'LOGI_RCE', 8.058434, 242.235106, 1),
  (70, 2020, 6, 'LOGI_RCE', 8.755423, 250.990529, 1),
  (71, 2020, 7, 'LOGI_RCE', 6.522295, 257.512824, 1),
  (72, 2020, 8, 'LOGI_RCE', 5.280206, 262.79303, 1),
  (73, 2020, 9, 'LOGI_RCE', 8.922082, 271.715111, 1),
  (74, 2020, 10, 'LOGI_RCE', 4.316184, 276.031296, 1),
  (75, 2020, 11, 'LOGI_RCE', 6.702798, 282.734094, 1),
  (76, 2020, 12, 'LOGI_RCE', 4.894422, 287.628516, 1),
  (77, 2021, 1, 'LOGI_RCE', 3.694922, 291.323438, 1),
  (78, 2021, 2, 'LOGI_RCE', 3.878202, 295.20164, 1),
  (79, 2021, 3, 'LOGI_RCE', 4.902623, 300.104263, 1),
  (80, 2021, 4, 'LOGI_RCE', 4.186143, 304.290406, 1),
  (81, 2021, 5, 'LOGI_RCE', 4.747493, 309.037899, 1),
  (82, 2021, 6, 'LOGI_RCE', 3.956335, 312.994234, 1),
  (83, 2021, 7, 'LOGI_RCE', 4.039057, 317.03329, 1),
  (84, 2021, 8, 'LOGI_RCE', 3.955068, 320.988358, 1),
  (85, 2021, 9, 'LOGI_RCE', 3.79596, 324.784318, 1),
  (86, 2021, 10, 'LOGI_RCE', 3.32319, 328.107508, 1),
  (87, 2021, 11, 'LOGI_RCE', 4.907475, 333.014983, 1),
  (88, 2021, 12, 'LOGI_RCE', 4.169986, 337.184969, 1),
  (89, 2022, 1, 'LOGI_RCE', 4.454379, 341.639348, 1),
  (90, 2022, 2, 'LOGI_RCE', 4.907127, 346.546474, 1),
  (91, 2022, 3, 'LOGI_RCE', 4.492127, 351.038602, 1),
  (92, 2022, 4, 'LOGI_RCE', 4.368248, 355.406849, 1),
  (93, 2022, 5, 'LOGI_RCE', 5.148098, 360.554948, 1),
  (94, 2022, 6, 'LOGI_RCE', 4.01326, 364.568207, 1),
  (95, 2022, 7, 'LOGI_RCE', 4.018746, 368.586954, 1),
  (96, 2022, 8, 'LOGI_RCE', 3.765885, 372.352839, 1),
  (97, 2022, 9, 'LOGI_RCE', 5.043117, 377.395956, 1),
  (98, 2022, 10, 'LOGI_RCE', 4.189396, 381.585352, 1),
  (99, 2022, 11, 'LOGI_RCE', 4.320491, 385.905844, 1),
  (100, 2022, 12, 'LOGI_RCE', 4.364479, 390.270322, 1);

INSERT INTO `tb_t_monthly_cost` (`id`, `year`, `month`, `cost_type`, `monthly_amount_musd`, `cumulative_amount_musd`, `project_id`) VALUES
  (101, 2023, 1, 'LOGI_RCE', 4.471398, 394.74172, 1),
  (102, 2023, 2, 'LOGI_RCE', 4.576053, 399.317774, 1),
  (103, 2023, 3, 'LOGI_RCE', 4.351748, 403.669521, 1),
  (104, 2023, 4, 'LOGI_RCE', 2.926041, 406.595562, 1),
  (105, 2023, 5, 'LOGI_RCE', 4.176119, 410.771681, 1),
  (106, 2023, 6, 'LOGI_RCE', 3.977627, 414.749308, 1),
  (107, 2023, 7, 'LOGI_RCE', 3.750601, 418.499909, 1),
  (108, 2023, 8, 'LOGI_RCE', 3.741342, 422.241252, 1),
  (109, 2023, 9, 'LOGI_RCE', 3.423079, 425.66433, 1),
  (110, 2023, 10, 'LOGI_RCE', 3.803, 429.46733, 1),
  (111, 2023, 11, 'LOGI_RCE', 4.831735, 434.299066, 1),
  (112, 2023, 12, 'LOGI_RCE', 4.604579, 438.903645, 1);

-- tb_t_monthly_pob (54 rows)
INSERT INTO `tb_t_monthly_pob` (`id`, `year`, `month`, `pob_count`, `isolation_count`, `project_id`, `remarks`) VALUES
  (1, 2019, 4, 0, 0, 1, NULL),
  (2, 2019, 5, 0, 0, 1, NULL),
  (3, 2019, 6, 0, 0, 1, NULL),
  (4, 2019, 7, 0, 0, 1, NULL),
  (5, 2019, 8, 0, 0, 1, NULL),
  (6, 2019, 9, 0, 0, 1, NULL),
  (7, 2019, 10, 0, 0, 1, NULL),
  (8, 2019, 11, 0, 0, 1, NULL),
  (9, 2019, 12, 0, 0, 1, NULL),
  (10, 2020, 1, 0, 0, 1, NULL),
  (11, 2020, 2, 0, 0, 1, NULL),
  (12, 2020, 3, 0, 0, 1, NULL),
  (13, 2020, 4, 0, 0, 1, NULL),
  (14, 2020, 5, 0, 0, 1, NULL),
  (15, 2020, 6, 0, 0, 1, NULL),
  (16, 2020, 7, 0, 0, 1, NULL),
  (17, 2020, 8, 0, 0, 1, NULL),
  (18, 2020, 9, 0, 0, 1, NULL),
  (19, 2020, 10, 0, 0, 1, NULL),
  (20, 2020, 11, 0, 0, 1, NULL),
  (21, 2020, 12, 0, 0, 1, NULL),
  (22, 2021, 1, 0, 0, 1, NULL),
  (23, 2021, 2, 0, 0, 1, NULL),
  (24, 2021, 3, 0, 22, 1, NULL),
  (25, 2021, 4, 0, 34, 1, NULL),
  (26, 2021, 5, 0, 57, 1, NULL),
  (27, 2021, 6, 0, 303, 1, NULL),
  (28, 2021, 7, 0, 459, 1, NULL),
  (29, 2021, 8, 0, 520, 1, NULL),
  (30, 2021, 9, 0, 386, 1, NULL),
  (31, 2021, 10, 0, 1170, 1, NULL),
  (32, 2021, 11, 0, 385, 1, NULL),
  (33, 2021, 12, 0, 216, 1, NULL),
  (34, 2022, 1, 0, 0, 1, NULL),
  (35, 2022, 2, 0, 0, 1, NULL),
  (36, 2022, 3, 0, 0, 1, NULL),
  (37, 2022, 4, 0, 0, 1, NULL),
  (38, 2022, 5, 0, 0, 1, NULL),
  (39, 2022, 6, 0, 0, 1, NULL),
  (40, 2022, 7, 0, 0, 1, NULL),
  (41, 2022, 8, 0, 0, 1, NULL),
  (42, 2022, 9, 0, 0, 1, NULL),
  (43, 2022, 10, 0, 0, 1, NULL),
  (44, 2022, 11, 0, 0, 1, NULL),
  (45, 2022, 12, 0, 0, 1, NULL),
  (46, 2023, 1, 0, 0, 1, NULL),
  (47, 2023, 2, 0, 0, 1, NULL),
  (48, 2023, 3, 0, 0, 1, NULL),
  (49, 2023, 4, 0, 0, 1, NULL),
  (50, 2023, 5, 0, 0, 1, NULL);

INSERT INTO `tb_t_monthly_pob` (`id`, `year`, `month`, `pob_count`, `isolation_count`, `project_id`, `remarks`) VALUES
  (51, 2023, 6, 0, 0, 1, NULL),
  (52, 2023, 7, 0, 0, 1, NULL),
  (53, 2023, 8, 0, 0, 1, NULL),
  (54, 2023, 9, 0, 0, 1, NULL);

-- tb_t_pamf_claim (94 rows)
INSERT INTO `tb_t_pamf_claim` (`id`, `project_id`, `discipline_id`, `discipline`, `pamf_group`, `label`, `level`, `pamf_count`, `claim_amount_usd`) VALUES
  (1, 1, 1, 'covid', 'COVID', 'covid', 0, 45, 90117097.10815279),
  (2, 1, 1, 'covid', 'COVID', '09 COVID-19 IMPACT', 1, 45, 90117097.10815279),
  (3, 1, 1, 'covid', 'COVID', 'VO COVID OUTBREAK', 2, 2, 412461.67274591664),
  (4, 1, 1, 'covid', 'COVID', 'VO11 : DIRECT COST', 2, 43, 89704635.43540688),
  (5, 1, 2, 'logistic', 'LOGISTIC', 'logistic', 0, 342, 156989609.07275787),
  (6, 1, 2, 'logistic', 'LOGISTIC', 'BP ADDITIONAL REQUEST', 1, 2, 793243.1350098148),
  (7, 1, 2, 'logistic', 'LOGISTIC', '01 BP ADDITIONAL REQUEST', 2, 2, 793243.1350098148),
  (8, 1, 2, 'logistic', 'LOGISTIC', 'LOGISTIC', 1, 340, 156196365.93774804),
  (9, 1, 2, 'logistic', 'LOGISTIC', '01 INTERNATIONAL FORWARDER', 2, 29, 4179525.048699919),
  (10, 1, 2, 'logistic', 'LOGISTIC', '01 PMT Man-hours', 2, 17, 4620032.74),
  (11, 1, 2, 'logistic', 'LOGISTIC', '02 TRANSPORTATION IN INDONESIA', 2, 162, 88301964.85262237),
  (12, 1, 2, 'logistic', 'LOGISTIC', '03 BOFF & LNG JETTY', 2, 4, 56271.86991869919),
  (13, 1, 2, 'logistic', 'LOGISTIC', '03 MARSHALLING YARDS', 2, 108, 22400475.07690244),
  (14, 1, 2, 'logistic', 'LOGISTIC', '04 FUEL & SUPPLY SYSTEM', 2, 4, 34480447.26474415),
  (15, 1, 2, 'logistic', 'LOGISTIC', '08 EQUIPMENT SUPPLY/RENTAL', 2, 2, 7449.908298542445),
  (16, 1, 2, 'logistic', 'LOGISTIC', '08 OTHER COST', 2, 5, 1751462.2532483703),
  (17, 1, 2, 'logistic', 'LOGISTIC', '09 OTHER (INSPECTION, PERMIT, ETC.)', 2, 9, 398736.92331355746),
  (18, 1, 3, 'PMT', 'PMT', 'PMT', 0, 113, 66934668.76794008),
  (19, 1, 3, 'PMT', 'PMT', '01 PROJECT MANAGEMENT', 1, 54, 43859144.72580995),
  (20, 1, 3, 'PMT', 'PMT', '02 SMT Man-hours - MANAGEMENT & SUPERVISION', 2, 18, 21591517.83937596),
  (21, 1, 3, 'PMT', 'PMT', '03 Travel Expenses', 2, 22, 506516.7418882296),
  (22, 1, 3, 'PMT', 'PMT', '04 Office Costs JV', 2, 12, 1269848.5206870283),
  (23, 1, 3, 'PMT', 'PMT', '07 OTHER GENERAL COST (Bond, insurance,…)', 2, 1, 788.1051783490808),
  (24, 1, 3, 'PMT', 'PMT', '09 OTHER COST', 2, 1, 20490473.518680375),
  (25, 1, 3, 'PMT', 'PMT', '02 ENGINEERING', 1, 17, 2148857.2199362777),
  (26, 1, 3, 'PMT', 'PMT', '02 SMT Man-hours - ENGINEERING', 2, 4, 23864.43),
  (27, 1, 3, 'PMT', 'PMT', '03 ICT Costs', 2, 11, 2110453.577601992),
  (28, 1, 3, 'PMT', 'PMT', '04 SC Eng Studies', 2, 2, 14539.212334285501),
  (29, 1, 3, 'PMT', 'PMT', '04 CONSTRUCTION PERMANENT', 1, 41, 20926666.822193854),
  (30, 1, 3, 'PMT', 'PMT', '01 BP ADDITIONAL REQUEST', 2, 1, 18531643.490102742),
  (31, 1, 3, 'PMT', 'PMT', '01 PMT Man-hours', 2, 2, 9000.0),
  (32, 1, 3, 'PMT', 'PMT', '02 SMT Man-hours - ENGINEERING', 2, 5, 34180.0),
  (33, 1, 3, 'PMT', 'PMT', '02 SMT Man-hours - MANAGEMENT & SUPERVISION', 2, 11, 1955571.4759100561),
  (34, 1, 3, 'PMT', 'PMT', '03 ICT Costs', 2, 2, 64409.88576576577),
  (35, 1, 3, 'PMT', 'PMT', '03 Travel Expenses', 2, 13, 131817.21760785175),
  (36, 1, 3, 'PMT', 'PMT', '04 Office Costs JV', 2, 4, 181377.46649088114),
  (37, 1, 3, 'PMT', 'PMT', '04 SC Eng Studies', 2, 2, 14758.658176225006),
  (38, 1, 3, 'PMT', 'PMT', '05 Office Costs Client', 2, 1, 3908.6281403354574),
  (39, 1, 3, 'PMT', 'PMT', '05 TEMPORARY WORKS', 1, 1, 0.0),
  (40, 1, 3, 'PMT', 'PMT', '04 PERSONNEL MOBILIZATION', 2, 1, 0.0),
  (41, 1, 4, 'SMT', 'SMT', 'SMT', 0, 3467, 1457856466.561671),
  (42, 1, 4, 'SMT', 'SMT', '02 ENGINEERING', 1, 6, 150416.19841793008),
  (43, 1, 4, 'SMT', 'SMT', '02 SMT Man-hours - ENGINEERING', 2, 1, 99360.0),
  (44, 1, 4, 'SMT', 'SMT', '03 ICT Costs', 2, 3, 40728.79784662708),
  (45, 1, 4, 'SMT', 'SMT', '04 SC Eng Studies', 2, 2, 10327.40057130301),
  (46, 1, 4, 'SMT', 'SMT', '03 PROCUREMENT', 1, 262, 42810279.03018119),
  (47, 1, 4, 'SMT', 'SMT', '01 NOVATED', 2, 9, 9232685.576025462),
  (48, 1, 4, 'SMT', 'SMT', '02 ITEMIZED', 2, 52, 6127573.140446788),
  (49, 1, 4, 'SMT', 'SMT', '03 STRUCTURAL', 2, 2, 22889.756830000733),
  (50, 1, 4, 'SMT', 'SMT', '04 Piping', 2, 110, 14570064.948429814);

INSERT INTO `tb_t_pamf_claim` (`id`, `project_id`, `discipline_id`, `discipline`, `pamf_group`, `label`, `level`, `pamf_count`, `claim_amount_usd`) VALUES
  (51, 1, 4, 'SMT', 'SMT', '05 ELECTRICAL', 2, 18, 1033054.3627041675),
  (52, 1, 4, 'SMT', 'SMT', '06 INSTRUMENT & TELECOM', 2, 60, 3923430.713998096),
  (53, 1, 4, 'SMT', 'SMT', '07 PROCESS & CHEMICALS', 2, 10, 7870587.123704681),
  (54, 1, 4, 'SMT', 'SMT', '11 ELECTRICAL', 2, 1, 29993.40804218853),
  (55, 1, 4, 'SMT', 'SMT', '04 CONSTRUCTION PERMANENT', 1, 982, 750720601.4905102),
  (56, 1, 4, 'SMT', 'SMT', '01 CIVIL WORKS', 2, 215, 112214360.61287047),
  (57, 1, 4, 'SMT', 'SMT', '02 PILING WORKS', 2, 2, 273134.650043214),
  (58, 1, 4, 'SMT', 'SMT', '03 BOFF & LNG JETTY', 2, 9, 14986225.069568278),
  (59, 1, 4, 'SMT', 'SMT', '04 MARINE WORKS BY CSTS', 2, 12, 21048650.744426865),
  (60, 1, 4, 'SMT', 'SMT', '04 Piping', 2, 3, 291638.76071193145),
  (61, 1, 4, 'SMT', 'SMT', '05 BUILDING_EXCLUDED HVAC', 2, 18, 4324932.803871677),
  (62, 1, 4, 'SMT', 'SMT', '06 STEEL STRUCTURE ERECTION', 2, 19, 11630758.590818135),
  (63, 1, 4, 'SMT', 'SMT', '07 MECHANICAL WORKS', 2, 60, 73771996.52326672),
  (64, 1, 4, 'SMT', 'SMT', '08 TANK WORKS', 2, 13, 9396129.636008203),
  (65, 1, 4, 'SMT', 'SMT', '10 PIPING ERECTION', 2, 155, 218292767.96146953),
  (66, 1, 4, 'SMT', 'SMT', '11 ELECTRICAL', 2, 87, 43958582.93938108),
  (67, 1, 4, 'SMT', 'SMT', '14 PAINTING', 2, 58, 33123365.808280222),
  (68, 1, 4, 'SMT', 'SMT', '15 INSULATION', 2, 36, 47918745.73509617),
  (69, 1, 4, 'SMT', 'SMT', '16 PFP APPLICATION', 2, 5, 2719112.57),
  (70, 1, 4, 'SMT', 'SMT', '16 PFP REPAIR', 2, 23, 49544349.161337726),
  (71, 1, 4, 'SMT', 'SMT', '18 DIRECT HIRING', 2, 267, 107225849.92335993),
  (72, 1, 4, 'SMT', 'SMT', '05 TEMPORARY WORKS', 1, 1159, 407386952.90219647),
  (73, 1, 4, 'SMT', 'SMT', '01 SITE PREPARATION (TSP)', 2, 3, 639706.3398520472),
  (74, 1, 4, 'SMT', 'SMT', '02 CAMP CONSTRUCTION (TLC/TMC/TME)', 2, 175, 34280654.98720872),
  (75, 1, 4, 'SMT', 'SMT', '03 CAMP OPERATION/MAINTENANCE (FCO)', 2, 228, 130604286.75191076),
  (76, 1, 4, 'SMT', 'SMT', '03 ICT Costs', 2, 1, 802.7539734856808),
  (77, 1, 4, 'SMT', 'SMT', '04 PERSONNEL MOBILIZATION', 2, 111, 86633477.20122929),
  (78, 1, 4, 'SMT', 'SMT', '05 ICT @ Site - Company', 2, 2, 68997.58294880246),
  (79, 1, 4, 'SMT', 'SMT', '05 ICT @ Site - CSTS', 2, 128, 37841282.84838303),
  (80, 1, 4, 'SMT', 'SMT', '06 HSSE', 2, 210, 17788520.001196273),
  (81, 1, 4, 'SMT', 'SMT', '07 SCAFFOLDING WORK', 2, 14, 56498256.921154015),
  (82, 1, 4, 'SMT', 'SMT', '08 EQUIPMENT SUPPLY/RENTAL', 2, 167, 32614566.619796388),
  (83, 1, 4, 'SMT', 'SMT', '09 OTHER (INSPECTION, PERMIT, ETC.)', 2, 111, 9450760.032169046),
  (84, 1, 4, 'SMT', 'SMT', '09 OTHER COST', 2, 3, 962450.3547938182),
  (85, 1, 4, 'SMT', 'SMT', '18 DIRECT HIRING', 2, 1, 3190.507580751483),
  (86, 1, 4, 'SMT', 'SMT', 'SALES TO CPY', 2, 5, NULL),
  (87, 1, 4, 'SMT', 'SMT', '07 COMMISSIONING', 1, 854, 184238649.48934308),
  (88, 1, 4, 'SMT', 'SMT', '01 COMMISSIONING ACTIVITIES', 2, 596, 114475082.74978034),
  (89, 1, 4, 'SMT', 'SMT', '02 VENDORS ASSISTANCE & TRAINING (EPC)', 2, 141, 43235991.68699147),
  (90, 1, 4, 'SMT', 'SMT', '03 START-UP VENDORS AND MATERIALS', 2, 117, 26527575.052571263),
  (91, 1, 4, 'SMT', 'SMT', '10 BP ADDITIONAL REQUEST', 1, 203, 72546710.45102157),
  (92, 1, 4, 'SMT', 'SMT', '01 BP ADDITIONAL REQUEST', 2, 203, 72546710.45102157),
  (93, 1, 4, 'SMT', 'SMT', 'TEMPORARY FACILITIES', 1, 1, 2857.0),
  (94, 1, 4, 'SMT', 'SMT', 'SALES TO CPY', 2, 1, 2857.0);

-- tb_t_variation_order (12 rows)
INSERT INTO `tb_t_variation_order` (`vo_id`, `project_id`, `vo_number`, `vo_name`, `amount_usd`, `status`, `approved_in_amendment`, `approved_date`) VALUES
  (1, 1, '10', 'APPROVED VOs (VO No. 1 - 9)', 26358170, 'APPROVED', 3, NULL),
  (2, 1, '10', 'APPROVED VOs (VO No. 1 - 9)', 26358170, 'APPROVED', 4, NULL),
  (3, 1, '10', 'APPROVED VOs (VO No. 1 - 9)', 26358170, 'APPROVED', 5, NULL),
  (4, 1, '10', 'APPROVED VOs (VO No. 1 - 9)', 26358170, 'APPROVED', 6, NULL),
  (5, 1, '11', 'APPROVED VOs (VO No. 10)', 6788254, 'APPROVED', 4, NULL),
  (6, 1, '11', 'APPROVED VOs (VO No. 10)', 6788254, 'APPROVED', 5, NULL),
  (7, 1, '11', 'APPROVED VOs (VO No. 10)', 6788254, 'APPROVED', 6, NULL),
  (8, 1, '12', 'Existing VORs agreed as part of AMENDMENT 3', 3884888, 'APPROVED', 4, NULL),
  (9, 1, '12', 'Existing VORs agreed as part of AMENDMENT 3', 3884888, 'APPROVED', 5, NULL),
  (10, 1, '12', 'Existing VORs agreed as part of AMENDMENT 3', 3884888, 'APPROVED', 6, NULL),
  (11, 1, '6', 'List of VARIATIONS', 36933653, 'APPROVED', 5, NULL),
  (12, 1, '6', 'List of VARIATIONS', 48733653, 'APPROVED', 6, NULL);

-- tb_t_subcontractor_monthly (1172 rows)
INSERT INTO `tb_t_subcontractor_monthly` (`id`, `year`, `month`, `value`, `metric`, `excel_row`, `raw_label`, `subcontractor`, `subcontractor_id`) VALUES
  (1, 2019, 4, 14.527999999999999, 'achieved_manhours', 64, 'Achieved Mhrs', 'Meindo', 1),
  (2, 2019, 5, 16.083, 'achieved_manhours', 64, 'Achieved Mhrs', 'Meindo', 1),
  (3, 2019, 6, 24.561, 'achieved_manhours', 64, 'Achieved Mhrs', 'Meindo', 1),
  (4, 2019, 7, 7.161, 'achieved_manhours', 64, 'Achieved Mhrs', 'Meindo', 1),
  (5, 2019, 8, 0.0, 'achieved_manhours', 64, 'Achieved Mhrs', 'Meindo', 1),
  (6, 2019, 9, 2.545, 'achieved_manhours', 64, 'Achieved Mhrs', 'Meindo', 1),
  (7, 2019, 10, 5.9799999999999995, 'achieved_manhours', 64, 'Achieved Mhrs', 'Meindo', 1),
  (8, 2019, 11, 39.89, 'achieved_manhours', 64, 'Achieved Mhrs', 'Meindo', 1),
  (9, 2019, 12, 1186.75, 'achieved_manhours', 64, 'Achieved Mhrs', 'Meindo', 1),
  (10, 2020, 1, 86.4, 'achieved_manhours', 64, 'Achieved Mhrs', 'Meindo', 1),
  (11, 2020, 2, 144.642, 'achieved_manhours', 64, 'Achieved Mhrs', 'Meindo', 1),
  (12, 2020, 3, 6835.677000000001, 'achieved_manhours', 64, 'Achieved Mhrs', 'Meindo', 1),
  (13, 2020, 4, 0.144, 'achieved_manhours', 64, 'Achieved Mhrs', 'Meindo', 1),
  (14, 2020, 5, 0.0, 'achieved_manhours', 64, 'Achieved Mhrs', 'Meindo', 1),
  (15, 2020, 6, 0.0, 'achieved_manhours', 64, 'Achieved Mhrs', 'Meindo', 1),
  (16, 2020, 7, 1197.044, 'achieved_manhours', 64, 'Achieved Mhrs', 'Meindo', 1),
  (17, 2020, 8, 4652.831, 'achieved_manhours', 64, 'Achieved Mhrs', 'Meindo', 1),
  (18, 2020, 9, 1681.217, 'achieved_manhours', 64, 'Achieved Mhrs', 'Meindo', 1),
  (19, 2020, 10, 131.0, 'achieved_manhours', 64, 'Achieved Mhrs', 'Meindo', 1),
  (20, 2020, 11, 0.0, 'achieved_manhours', 64, 'Achieved Mhrs', 'Meindo', 1),
  (21, 2020, 12, 0.0, 'achieved_manhours', 64, 'Achieved Mhrs', 'Meindo', 1),
  (22, 2021, 1, 0.0, 'achieved_manhours', 64, 'Achieved Mhrs', 'Meindo', 1),
  (23, 2021, 2, 0.0, 'achieved_manhours', 64, 'Achieved Mhrs', 'Meindo', 1),
  (24, 2021, 3, 15949.584, 'achieved_manhours', 64, 'Achieved Mhrs', 'Meindo', 1),
  (25, 2021, 4, 397.789, 'achieved_manhours', 64, 'Achieved Mhrs', 'Meindo', 1),
  (26, 2021, 5, 12.019, 'achieved_manhours', 64, 'Achieved Mhrs', 'Meindo', 1),
  (27, 2021, 6, 297.56100000000004, 'achieved_manhours', 64, 'Achieved Mhrs', 'Meindo', 1),
  (28, 2021, 7, 163.235, 'achieved_manhours', 64, 'Achieved Mhrs', 'Meindo', 1),
  (29, 2021, 8, 0.0, 'achieved_manhours', 64, 'Achieved Mhrs', 'Meindo', 1),
  (30, 2021, 9, 492.429, 'achieved_manhours', 64, 'Achieved Mhrs', 'Meindo', 1),
  (31, 2021, 10, 156.345, 'achieved_manhours', 64, 'Achieved Mhrs', 'Meindo', 1),
  (32, 2021, 11, 3071.6440000000002, 'achieved_manhours', 64, 'Achieved Mhrs', 'Meindo', 1),
  (33, 2021, 12, 95.309, 'achieved_manhours', 64, 'Achieved Mhrs', 'Meindo', 1),
  (34, 2022, 1, 0.0, 'achieved_manhours', 64, 'Achieved Mhrs', 'Meindo', 1),
  (35, 2022, 2, 0.0, 'achieved_manhours', 64, 'Achieved Mhrs', 'Meindo', 1),
  (36, 2022, 3, 0.0, 'achieved_manhours', 64, 'Achieved Mhrs', 'Meindo', 1),
  (37, 2022, 4, 0.0, 'achieved_manhours', 64, 'Achieved Mhrs', 'Meindo', 1),
  (38, 2022, 5, 0.0, 'achieved_manhours', 64, 'Achieved Mhrs', 'Meindo', 1),
  (39, 2022, 6, 0.0, 'achieved_manhours', 64, 'Achieved Mhrs', 'Meindo', 1),
  (40, 2022, 7, 16.366, 'achieved_manhours', 64, 'Achieved Mhrs', 'Meindo', 1),
  (41, 2022, 8, 0.0, 'achieved_manhours', 64, 'Achieved Mhrs', 'Meindo', 1),
  (42, 2022, 9, 17.279000000000003, 'achieved_manhours', 64, 'Achieved Mhrs', 'Meindo', 1),
  (43, 2022, 10, 2.568, 'achieved_manhours', 64, 'Achieved Mhrs', 'Meindo', 1),
  (44, 2022, 11, 20.919, 'achieved_manhours', 64, 'Achieved Mhrs', 'Meindo', 1),
  (45, 2022, 12, 79.08, 'achieved_manhours', 64, 'Achieved Mhrs', 'Meindo', 1),
  (46, 2023, 1, 1.524, 'achieved_manhours', 64, 'Achieved Mhrs', 'Meindo', 1),
  (47, 2023, 2, 0.289, 'achieved_manhours', 64, 'Achieved Mhrs', 'Meindo', 1),
  (48, 2023, 3, 2.598, 'achieved_manhours', 64, 'Achieved Mhrs', 'Meindo', 1),
  (49, 2023, 4, 0.0, 'achieved_manhours', 64, 'Achieved Mhrs', 'Meindo', 1),
  (50, 2023, 5, 0.0, 'achieved_manhours', 64, 'Achieved Mhrs', 'Meindo', 1);

INSERT INTO `tb_t_subcontractor_monthly` (`id`, `year`, `month`, `value`, `metric`, `excel_row`, `raw_label`, `subcontractor`, `subcontractor_id`) VALUES
  (51, 2023, 6, 0.0, 'achieved_manhours', 64, 'Achieved Mhrs', 'Meindo', 1),
  (52, 2020, 10, 0.73952044, 'invoice_value_musd', 65, 'Invoice Value (MUSD)', 'Meindo', 1),
  (53, 2020, 11, 1.21140245, 'invoice_value_musd', 65, 'Invoice Value (MUSD)', 'Meindo', 1),
  (54, 2020, 12, 0.0, 'invoice_value_musd', 65, 'Invoice Value (MUSD)', 'Meindo', 1),
  (55, 2021, 1, 0.23732216, 'invoice_value_musd', 65, 'Invoice Value (MUSD)', 'Meindo', 1),
  (56, 2021, 2, 0.0, 'invoice_value_musd', 65, 'Invoice Value (MUSD)', 'Meindo', 1),
  (57, 2021, 3, 0.0, 'invoice_value_musd', 65, 'Invoice Value (MUSD)', 'Meindo', 1),
  (58, 2021, 4, 0.60651439, 'invoice_value_musd', 65, 'Invoice Value (MUSD)', 'Meindo', 1),
  (59, 2021, 5, 0.0, 'invoice_value_musd', 65, 'Invoice Value (MUSD)', 'Meindo', 1),
  (60, 2021, 6, 0.0, 'invoice_value_musd', 65, 'Invoice Value (MUSD)', 'Meindo', 1),
  (61, 2021, 7, 0.0, 'invoice_value_musd', 65, 'Invoice Value (MUSD)', 'Meindo', 1),
  (62, 2021, 8, 2.6232443899999995, 'invoice_value_musd', 65, 'Invoice Value (MUSD)', 'Meindo', 1),
  (63, 2021, 9, 0.20468129999999998, 'invoice_value_musd', 65, 'Invoice Value (MUSD)', 'Meindo', 1),
  (64, 2021, 10, 0.21957769, 'invoice_value_musd', 65, 'Invoice Value (MUSD)', 'Meindo', 1),
  (65, 2021, 11, 0.44227278000000003, 'invoice_value_musd', 65, 'Invoice Value (MUSD)', 'Meindo', 1),
  (66, 2021, 12, 0.1758357, 'invoice_value_musd', 65, 'Invoice Value (MUSD)', 'Meindo', 1),
  (67, 2022, 1, 1.53848377, 'invoice_value_musd', 65, 'Invoice Value (MUSD)', 'Meindo', 1),
  (68, 2022, 2, 3.03423659, 'invoice_value_musd', 65, 'Invoice Value (MUSD)', 'Meindo', 1),
  (69, 2022, 3, 0.0, 'invoice_value_musd', 65, 'Invoice Value (MUSD)', 'Meindo', 1),
  (70, 2022, 4, 0.86559164, 'invoice_value_musd', 65, 'Invoice Value (MUSD)', 'Meindo', 1),
  (71, 2022, 5, 0.8816907700000001, 'invoice_value_musd', 65, 'Invoice Value (MUSD)', 'Meindo', 1),
  (72, 2022, 6, 1.21383213, 'invoice_value_musd', 65, 'Invoice Value (MUSD)', 'Meindo', 1),
  (73, 2022, 7, 0.79724586, 'invoice_value_musd', 65, 'Invoice Value (MUSD)', 'Meindo', 1),
  (74, 2022, 8, 1.0382989, 'invoice_value_musd', 65, 'Invoice Value (MUSD)', 'Meindo', 1),
  (75, 2022, 9, 1.9807161400000002, 'invoice_value_musd', 65, 'Invoice Value (MUSD)', 'Meindo', 1),
  (76, 2022, 10, 0.0, 'invoice_value_musd', 65, 'Invoice Value (MUSD)', 'Meindo', 1),
  (77, 2022, 11, 0.40263297, 'invoice_value_musd', 65, 'Invoice Value (MUSD)', 'Meindo', 1),
  (78, 2022, 12, 0.30864052000000003, 'invoice_value_musd', 65, 'Invoice Value (MUSD)', 'Meindo', 1),
  (79, 2023, 1, 0.52458171, 'invoice_value_musd', 65, 'Invoice Value (MUSD)', 'Meindo', 1),
  (80, 2023, 2, 0.0, 'invoice_value_musd', 65, 'Invoice Value (MUSD)', 'Meindo', 1),
  (81, 2023, 3, 0.15793393, 'invoice_value_musd', 65, 'Invoice Value (MUSD)', 'Meindo', 1),
  (82, 2023, 4, 0.0, 'invoice_value_musd', 65, 'Invoice Value (MUSD)', 'Meindo', 1),
  (83, 2023, 5, 0.0, 'invoice_value_musd', 65, 'Invoice Value (MUSD)', 'Meindo', 1),
  (84, 2023, 6, 0.0, 'invoice_value_musd', 65, 'Invoice Value (MUSD)', 'Meindo', 1),
  (85, 2023, 7, 0.69625787, 'invoice_value_musd', 65, 'Invoice Value (MUSD)', 'Meindo', 1),
  (86, 2020, 9, 0.23677766190482835, 'actual_vowd_musd', 66, 'Actual/VOWD', 'Meindo', 1),
  (87, 2020, 10, 0.1102020260134768, 'actual_vowd_musd', 66, 'Actual/VOWD', 'Meindo', 1),
  (88, 2020, 11, 0.2844887138669895, 'actual_vowd_musd', 66, 'Actual/VOWD', 'Meindo', 1),
  (89, 2020, 12, 0.22252336400517275, 'actual_vowd_musd', 66, 'Actual/VOWD', 'Meindo', 1),
  (90, 2021, 1, 0.0, 'actual_vowd_musd', 66, 'Actual/VOWD', 'Meindo', 1),
  (91, 2021, 2, 0.0, 'actual_vowd_musd', 66, 'Actual/VOWD', 'Meindo', 1),
  (92, 2021, 3, 0.0, 'actual_vowd_musd', 66, 'Actual/VOWD', 'Meindo', 1),
  (93, 2021, 4, 0.41571940266725216, 'actual_vowd_musd', 66, 'Actual/VOWD', 'Meindo', 1),
  (94, 2021, 5, 0.8469115365388563, 'actual_vowd_musd', 66, 'Actual/VOWD', 'Meindo', 1),
  (95, 2021, 6, 0.7215850749933843, 'actual_vowd_musd', 66, 'Actual/VOWD', 'Meindo', 1),
  (96, 2021, 7, 0.686225637918162, 'actual_vowd_musd', 66, 'Actual/VOWD', 'Meindo', 1),
  (97, 2021, 8, 0.0, 'actual_vowd_musd', 66, 'Actual/VOWD', 'Meindo', 1),
  (98, 2021, 9, 0.14569759678759178, 'actual_vowd_musd', 66, 'Actual/VOWD', 'Meindo', 1),
  (99, 2021, 10, 0.1884512735934231, 'actual_vowd_musd', 66, 'Actual/VOWD', 'Meindo', 1),
  (100, 2021, 11, 0.3603850847665711, 'actual_vowd_musd', 66, 'Actual/VOWD', 'Meindo', 1);

INSERT INTO `tb_t_subcontractor_monthly` (`id`, `year`, `month`, `value`, `metric`, `excel_row`, `raw_label`, `subcontractor`, `subcontractor_id`) VALUES
  (101, 2021, 12, 0.1394167730073976, 'actual_vowd_musd', 66, 'Actual/VOWD', 'Meindo', 1),
  (102, 2022, 1, 1.110022665513074, 'actual_vowd_musd', 66, 'Actual/VOWD', 'Meindo', 1),
  (103, 2022, 2, 2.7168245061478067, 'actual_vowd_musd', 66, 'Actual/VOWD', 'Meindo', 1),
  (104, 2022, 3, 0.7120525797978451, 'actual_vowd_musd', 66, 'Actual/VOWD', 'Meindo', 1),
  (105, 2022, 4, 0.6124718413781609, 'actual_vowd_musd', 66, 'Actual/VOWD', 'Meindo', 1),
  (106, 2022, 5, 0.9961222059146712, 'actual_vowd_musd', 66, 'Actual/VOWD', 'Meindo', 1),
  (107, 2022, 6, 2.3067301240651883, 'actual_vowd_musd', 66, 'Actual/VOWD', 'Meindo', 1),
  (108, 2022, 7, 0.8800994600359661, 'actual_vowd_musd', 66, 'Actual/VOWD', 'Meindo', 1),
  (109, 2022, 8, 0.708769432318096, 'actual_vowd_musd', 66, 'Actual/VOWD', 'Meindo', 1),
  (110, 2022, 9, 0.8762646557079796, 'actual_vowd_musd', 66, 'Actual/VOWD', 'Meindo', 1),
  (111, 2022, 10, 0.30695284511762666, 'actual_vowd_musd', 66, 'Actual/VOWD', 'Meindo', 1),
  (112, 2022, 11, 0.22441533540694525, 'actual_vowd_musd', 66, 'Actual/VOWD', 'Meindo', 1),
  (113, 2022, 12, 0.8363661269431626, 'actual_vowd_musd', 66, 'Actual/VOWD', 'Meindo', 1),
  (114, 2023, 1, 0.302767988877977, 'actual_vowd_musd', 66, 'Actual/VOWD', 'Meindo', 1),
  (115, 2023, 2, 0.0, 'actual_vowd_musd', 66, 'Actual/VOWD', 'Meindo', 1),
  (116, 2023, 3, 0.07030837559071267, 'actual_vowd_musd', 66, 'Actual/VOWD', 'Meindo', 1),
  (117, 2023, 4, 0.05478127883981542, 'actual_vowd_musd', 66, 'Actual/VOWD', 'Meindo', 1),
  (118, 2023, 5, 0.0, 'actual_vowd_musd', 66, 'Actual/VOWD', 'Meindo', 1),
  (119, 2023, 6, 0.0, 'actual_vowd_musd', 66, 'Actual/VOWD', 'Meindo', 1),
  (120, 2023, 7, 0.77772800176225, 'actual_vowd_musd', 66, 'Actual/VOWD', 'Meindo', 1),
  (121, 2023, 8, 0.0, 'actual_vowd_musd', 66, 'Actual/VOWD', 'Meindo', 1),
  (122, 2019, 8, 265.0, 'pob_actual', 67, 'POB', 'Meindo', 1),
  (123, 2019, 9, 296.1666666666667, 'pob_actual', 67, 'POB', 'Meindo', 1),
  (124, 2019, 10, 497.26666666666665, 'pob_actual', 67, 'POB', 'Meindo', 1),
  (125, 2019, 11, 543.6333333333333, 'pob_actual', 67, 'POB', 'Meindo', 1),
  (126, 2019, 12, 766.8666666666667, 'pob_actual', 67, 'POB', 'Meindo', 1),
  (127, 2020, 1, 768.0333333333333, 'pob_actual', 67, 'POB', 'Meindo', 1),
  (128, 2020, 2, 712.5333333333333, 'pob_actual', 67, 'POB', 'Meindo', 1),
  (129, 2020, 3, 594.1666666666666, 'pob_actual', 67, 'POB', 'Meindo', 1),
  (130, 2020, 4, 64.86666666666666, 'pob_actual', 67, 'POB', 'Meindo', 1),
  (131, 2020, 5, 90.53333333333333, 'pob_actual', 67, 'POB', 'Meindo', 1),
  (132, 2020, 6, 184.0, 'pob_actual', 67, 'POB', 'Meindo', 1),
  (133, 2020, 7, 243.53333333333333, 'pob_actual', 67, 'POB', 'Meindo', 1),
  (134, 2020, 8, 254.96666666666667, 'pob_actual', 67, 'POB', 'Meindo', 1),
  (135, 2020, 9, 220.33333333333334, 'pob_actual', 67, 'POB', 'Meindo', 1),
  (136, 2020, 10, 251.43333333333334, 'pob_actual', 67, 'POB', 'Meindo', 1),
  (137, 2020, 11, 452.3, 'pob_actual', 67, 'POB', 'Meindo', 1),
  (138, 2020, 12, 251.8, 'pob_actual', 67, 'POB', 'Meindo', 1),
  (139, 2021, 1, 13.633333333333333, 'pob_actual', 67, 'POB', 'Meindo', 1),
  (140, 2021, 2, 16.466666666666665, 'pob_actual', 67, 'POB', 'Meindo', 1),
  (141, 2021, 3, 95.5, 'pob_actual', 67, 'POB', 'Meindo', 1),
  (142, 2021, 4, 205.93333333333334, 'pob_actual', 67, 'POB', 'Meindo', 1),
  (143, 2021, 5, 329.5, 'pob_actual', 67, 'POB', 'Meindo', 1),
  (144, 2021, 6, 391.23333333333335, 'pob_actual', 67, 'POB', 'Meindo', 1),
  (145, 2021, 7, 405.23333333333335, 'pob_actual', 67, 'POB', 'Meindo', 1),
  (146, 2021, 8, 273.76666666666665, 'pob_actual', 67, 'POB', 'Meindo', 1),
  (147, 2021, 9, 239.9, 'pob_actual', 67, 'POB', 'Meindo', 1),
  (148, 2021, 10, 372.06666666666666, 'pob_actual', 67, 'POB', 'Meindo', 1),
  (149, 2021, 11, 692.0, 'pob_actual', 67, 'POB', 'Meindo', 1),
  (150, 2021, 12, 814.7333333333333, 'pob_actual', 67, 'POB', 'Meindo', 1);

INSERT INTO `tb_t_subcontractor_monthly` (`id`, `year`, `month`, `value`, `metric`, `excel_row`, `raw_label`, `subcontractor`, `subcontractor_id`) VALUES
  (151, 2022, 1, 788.9, 'pob_actual', 67, 'POB', 'Meindo', 1),
  (152, 2022, 2, 768.7333333333333, 'pob_actual', 67, 'POB', 'Meindo', 1),
  (153, 2022, 3, 950.6666666666666, 'pob_actual', 67, 'POB', 'Meindo', 1),
  (154, 2022, 4, 884.3666666666667, 'pob_actual', 67, 'POB', 'Meindo', 1),
  (155, 2022, 5, 952.9666666666667, 'pob_actual', 67, 'POB', 'Meindo', 1),
  (156, 2022, 6, 926.9, 'pob_actual', 67, 'POB', 'Meindo', 1),
  (157, 2022, 7, 929.6666666666666, 'pob_actual', 67, 'POB', 'Meindo', 1),
  (158, 2022, 8, 804.4666666666667, 'pob_actual', 67, 'POB', 'Meindo', 1),
  (159, 2022, 9, 789.4666666666667, 'pob_actual', 67, 'POB', 'Meindo', 1),
  (160, 2022, 10, 725.8333333333334, 'pob_actual', 67, 'POB', 'Meindo', 1),
  (161, 2022, 11, 506.43333333333334, 'pob_actual', 67, 'POB', 'Meindo', 1),
  (162, 2022, 12, 372.9, 'pob_actual', 67, 'POB', 'Meindo', 1),
  (163, 2023, 1, 225.73333333333332, 'pob_actual', 67, 'POB', 'Meindo', 1),
  (164, 2023, 2, 135.53333333333333, 'pob_actual', 67, 'POB', 'Meindo', 1),
  (165, 2023, 3, 147.46666666666667, 'pob_actual', 67, 'POB', 'Meindo', 1),
  (166, 2023, 4, 104.76666666666667, 'pob_actual', 67, 'POB', 'Meindo', 1),
  (167, 2023, 5, 39.666666666666664, 'pob_actual', 67, 'POB', 'Meindo', 1),
  (168, 2023, 6, 16.5, 'pob_actual', 67, 'POB', 'Meindo', 1),
  (169, 2019, 4, 0.0, 'cumulative_progress_plan', 68, 'Plan Cumm.Prog', 'Meindo', 1),
  (170, 2019, 5, 0.0, 'cumulative_progress_plan', 68, 'Plan Cumm.Prog', 'Meindo', 1),
  (171, 2019, 6, 0.007505440513044852, 'cumulative_progress_plan', 68, 'Plan Cumm.Prog', 'Meindo', 1),
  (172, 2019, 7, 0.021631634608419797, 'cumulative_progress_plan', 68, 'Plan Cumm.Prog', 'Meindo', 1),
  (173, 2019, 8, 0.04996344258637726, 'cumulative_progress_plan', 68, 'Plan Cumm.Prog', 'Meindo', 1),
  (174, 2019, 9, 0.08304015545808527, 'cumulative_progress_plan', 68, 'Plan Cumm.Prog', 'Meindo', 1),
  (175, 2019, 10, 0.13099818821303333, 'cumulative_progress_plan', 68, 'Plan Cumm.Prog', 'Meindo', 1),
  (176, 2019, 11, 0.22765929674299493, 'cumulative_progress_plan', 68, 'Plan Cumm.Prog', 'Meindo', 1),
  (177, 2019, 12, 0.29548200057376584, 'cumulative_progress_plan', 68, 'Plan Cumm.Prog', 'Meindo', 1),
  (178, 2020, 1, 0.36544575801189577, 'cumulative_progress_plan', 68, 'Plan Cumm.Prog', 'Meindo', 1),
  (179, 2020, 2, 0.45444907142729396, 'cumulative_progress_plan', 68, 'Plan Cumm.Prog', 'Meindo', 1),
  (180, 2020, 3, 0.5089570697400259, 'cumulative_progress_plan', 68, 'Plan Cumm.Prog', 'Meindo', 1),
  (181, 2020, 4, 0.5143094422479801, 'cumulative_progress_plan', 68, 'Plan Cumm.Prog', 'Meindo', 1),
  (182, 2020, 5, 0.5158999843892306, 'cumulative_progress_plan', 68, 'Plan Cumm.Prog', 'Meindo', 1),
  (183, 2020, 6, 0.5225325358848762, 'cumulative_progress_plan', 68, 'Plan Cumm.Prog', 'Meindo', 1),
  (184, 2020, 7, 0.52470283388403, 'cumulative_progress_plan', 68, 'Plan Cumm.Prog', 'Meindo', 1),
  (185, 2020, 8, 0.5796057934302983, 'cumulative_progress_plan', 68, 'Plan Cumm.Prog', 'Meindo', 1),
  (186, 2020, 9, 0.5917718010561546, 'cumulative_progress_plan', 68, 'Plan Cumm.Prog', 'Meindo', 1),
  (187, 2020, 10, 0.6206512181379849, 'cumulative_progress_plan', 68, 'Plan Cumm.Prog', 'Meindo', 1),
  (188, 2020, 11, 0.6429051486904549, 'cumulative_progress_plan', 68, 'Plan Cumm.Prog', 'Meindo', 1),
  (189, 2020, 12, 0.7168924292273481, 'cumulative_progress_plan', 68, 'Plan Cumm.Prog', 'Meindo', 1),
  (190, 2021, 1, 0.717, 'cumulative_progress_plan', 68, 'Plan Cumm.Prog', 'Meindo', 1),
  (191, 2021, 2, 0.718, 'cumulative_progress_plan', 68, 'Plan Cumm.Prog', 'Meindo', 1),
  (192, 2021, 3, 0.718, 'cumulative_progress_plan', 68, 'Plan Cumm.Prog', 'Meindo', 1),
  (193, 2021, 4, 0.719, 'cumulative_progress_plan', 68, 'Plan Cumm.Prog', 'Meindo', 1),
  (194, 2021, 5, 0.72, 'cumulative_progress_plan', 68, 'Plan Cumm.Prog', 'Meindo', 1),
  (195, 2021, 6, 0.721, 'cumulative_progress_plan', 68, 'Plan Cumm.Prog', 'Meindo', 1),
  (196, 2021, 7, 0.722, 'cumulative_progress_plan', 68, 'Plan Cumm.Prog', 'Meindo', 1),
  (197, 2021, 8, 0.722689217283614, 'cumulative_progress_plan', 68, 'Plan Cumm.Prog', 'Meindo', 1),
  (198, 2021, 9, 0.753926297032108, 'cumulative_progress_plan', 68, 'Plan Cumm.Prog', 'Meindo', 1),
  (199, 2021, 10, 0.755, 'cumulative_progress_plan', 68, 'Plan Cumm.Prog', 'Meindo', 1),
  (200, 2021, 11, 0.756, 'cumulative_progress_plan', 68, 'Plan Cumm.Prog', 'Meindo', 1);

INSERT INTO `tb_t_subcontractor_monthly` (`id`, `year`, `month`, `value`, `metric`, `excel_row`, `raw_label`, `subcontractor`, `subcontractor_id`) VALUES
  (201, 2021, 12, 0.7573728633933975, 'cumulative_progress_plan', 68, 'Plan Cumm.Prog', 'Meindo', 1),
  (202, 2022, 1, 0.8446946431049542, 'cumulative_progress_plan', 68, 'Plan Cumm.Prog', 'Meindo', 1),
  (203, 2022, 2, 0.9043714279231119, 'cumulative_progress_plan', 68, 'Plan Cumm.Prog', 'Meindo', 1),
  (204, 2022, 3, 0.9382325770227743, 'cumulative_progress_plan', 68, 'Plan Cumm.Prog', 'Meindo', 1),
  (205, 2022, 4, 0.9763144523744245, 'cumulative_progress_plan', 68, 'Plan Cumm.Prog', 'Meindo', 1),
  (206, 2022, 5, 0.9888143322481762, 'cumulative_progress_plan', 68, 'Plan Cumm.Prog', 'Meindo', 1),
  (207, 2022, 6, 0.9920311452507113, 'cumulative_progress_plan', 68, 'Plan Cumm.Prog', 'Meindo', 1),
  (208, 2022, 7, 0.9960938262448601, 'cumulative_progress_plan', 68, 'Plan Cumm.Prog', 'Meindo', 1),
  (209, 2022, 8, 0.997699655824843, 'cumulative_progress_plan', 68, 'Plan Cumm.Prog', 'Meindo', 1),
  (210, 2022, 9, 0.999699002206269, 'cumulative_progress_plan', 68, 'Plan Cumm.Prog', 'Meindo', 1),
  (211, 2022, 10, 0.9997074721266157, 'cumulative_progress_plan', 68, 'Plan Cumm.Prog', 'Meindo', 1),
  (212, 2022, 11, 0.9997088221940771, 'cumulative_progress_plan', 68, 'Plan Cumm.Prog', 'Meindo', 1),
  (213, 2022, 12, 0.9997088221940771, 'cumulative_progress_plan', 68, 'Plan Cumm.Prog', 'Meindo', 1),
  (214, 2023, 1, 0.9997703832669157, 'cumulative_progress_plan', 68, 'Plan Cumm.Prog', 'Meindo', 1),
  (215, 2023, 2, 0.9998944692694945, 'cumulative_progress_plan', 68, 'Plan Cumm.Prog', 'Meindo', 1),
  (216, 2023, 3, 0.9999779831293136, 'cumulative_progress_plan', 68, 'Plan Cumm.Prog', 'Meindo', 1),
  (217, 2023, 4, 0.9999995062987836, 'cumulative_progress_plan', 68, 'Plan Cumm.Prog', 'Meindo', 1),
  (218, 2023, 5, 0.9999999960182255, 'cumulative_progress_plan', 68, 'Plan Cumm.Prog', 'Meindo', 1),
  (219, 2023, 6, 0.9999999960182255, 'cumulative_progress_plan', 68, 'Plan Cumm.Prog', 'Meindo', 1),
  (220, 2023, 7, 0.9999999960182255, 'cumulative_progress_plan', 68, 'Plan Cumm.Prog', 'Meindo', 1),
  (221, 2023, 8, 0.9999999960182255, 'cumulative_progress_plan', 68, 'Plan Cumm.Prog', 'Meindo', 1),
  (222, 2023, 9, 0.9999999960182255, 'cumulative_progress_plan', 68, 'Plan Cumm.Prog', 'Meindo', 1),
  (223, 2019, 4, 0.0, 'cumulative_progress_actual', 69, 'Actual Cumm. Prog', 'Meindo', 1),
  (224, 2019, 5, 0.0, 'cumulative_progress_actual', 69, 'Actual Cumm. Prog', 'Meindo', 1),
  (225, 2019, 6, 2.627683452448057e-05, 'cumulative_progress_actual', 69, 'Actual Cumm. Prog', 'Meindo', 1),
  (226, 2019, 7, 0.00018615090476297328, 'cumulative_progress_actual', 69, 'Actual Cumm. Prog', 'Meindo', 1),
  (227, 2019, 8, 0.0034873795110171506, 'cumulative_progress_actual', 69, 'Actual Cumm. Prog', 'Meindo', 1),
  (228, 2019, 9, 0.019297648180012738, 'cumulative_progress_actual', 69, 'Actual Cumm. Prog', 'Meindo', 1),
  (229, 2019, 10, 0.052595194486311975, 'cumulative_progress_actual', 69, 'Actual Cumm. Prog', 'Meindo', 1),
  (230, 2019, 11, 0.13271138483845119, 'cumulative_progress_actual', 69, 'Actual Cumm. Prog', 'Meindo', 1),
  (231, 2019, 12, 0.2325379955246979, 'cumulative_progress_actual', 69, 'Actual Cumm. Prog', 'Meindo', 1),
  (232, 2020, 1, 0.33432204855296965, 'cumulative_progress_actual', 69, 'Actual Cumm. Prog', 'Meindo', 1),
  (233, 2020, 2, 0.45036106180821267, 'cumulative_progress_actual', 69, 'Actual Cumm. Prog', 'Meindo', 1),
  (234, 2020, 3, 0.5209380984163268, 'cumulative_progress_actual', 69, 'Actual Cumm. Prog', 'Meindo', 1),
  (235, 2020, 4, 0.5209602807970033, 'cumulative_progress_actual', 69, 'Actual Cumm. Prog', 'Meindo', 1),
  (236, 2020, 5, 0.5210784495508727, 'cumulative_progress_actual', 69, 'Actual Cumm. Prog', 'Meindo', 1),
  (237, 2020, 6, 0.5285661867103005, 'cumulative_progress_actual', 69, 'Actual Cumm. Prog', 'Meindo', 1),
  (238, 2020, 7, 0.5817903807939164, 'cumulative_progress_actual', 69, 'Actual Cumm. Prog', 'Meindo', 1),
  (239, 2020, 8, 0.5857471646368492, 'cumulative_progress_actual', 69, 'Actual Cumm. Prog', 'Meindo', 1),
  (240, 2020, 9, 0.594895294565264, 'cumulative_progress_actual', 69, 'Actual Cumm. Prog', 'Meindo', 1),
  (241, 2020, 10, 0.6251749529064156, 'cumulative_progress_actual', 69, 'Actual Cumm. Prog', 'Meindo', 1),
  (242, 2020, 11, 0.6481685968523445, 'cumulative_progress_actual', 69, 'Actual Cumm. Prog', 'Meindo', 1),
  (243, 2020, 12, 0.6498629054834992, 'cumulative_progress_actual', 69, 'Actual Cumm. Prog', 'Meindo', 1),
  (244, 2021, 1, 0.6498629054834992, 'cumulative_progress_actual', 69, 'Actual Cumm. Prog', 'Meindo', 1),
  (245, 2021, 2, 0.6498629054834992, 'cumulative_progress_actual', 69, 'Actual Cumm. Prog', 'Meindo', 1),
  (246, 2021, 3, 0.651, 'cumulative_progress_actual', 69, 'Actual Cumm. Prog', 'Meindo', 1),
  (247, 2021, 4, 0.652, 'cumulative_progress_actual', 69, 'Actual Cumm. Prog', 'Meindo', 1),
  (248, 2021, 5, 0.655, 'cumulative_progress_actual', 69, 'Actual Cumm. Prog', 'Meindo', 1),
  (249, 2021, 6, 0.658, 'cumulative_progress_actual', 69, 'Actual Cumm. Prog', 'Meindo', 1),
  (250, 2021, 7, 0.66, 'cumulative_progress_actual', 69, 'Actual Cumm. Prog', 'Meindo', 1);

INSERT INTO `tb_t_subcontractor_monthly` (`id`, `year`, `month`, `value`, `metric`, `excel_row`, `raw_label`, `subcontractor`, `subcontractor_id`) VALUES
  (251, 2021, 8, 0.67, 'cumulative_progress_actual', 69, 'Actual Cumm. Prog', 'Meindo', 1),
  (252, 2021, 9, 0.68, 'cumulative_progress_actual', 69, 'Actual Cumm. Prog', 'Meindo', 1),
  (253, 2021, 10, 0.69, 'cumulative_progress_actual', 69, 'Actual Cumm. Prog', 'Meindo', 1),
  (254, 2021, 11, 0.7193779599522161, 'cumulative_progress_actual', 69, 'Actual Cumm. Prog', 'Meindo', 1),
  (255, 2021, 12, 0.7450035123569074, 'cumulative_progress_actual', 69, 'Actual Cumm. Prog', 'Meindo', 1),
  (256, 2022, 1, 0.7926865986014868, 'cumulative_progress_actual', 69, 'Actual Cumm. Prog', 'Meindo', 1),
  (257, 2022, 2, 0.8434481462646072, 'cumulative_progress_actual', 69, 'Actual Cumm. Prog', 'Meindo', 1),
  (258, 2022, 3, 0.880323599427119, 'cumulative_progress_actual', 69, 'Actual Cumm. Prog', 'Meindo', 1),
  (259, 2022, 4, 0.929709017895483, 'cumulative_progress_actual', 69, 'Actual Cumm. Prog', 'Meindo', 1),
  (260, 2022, 5, 0.9550238185266561, 'cumulative_progress_actual', 69, 'Actual Cumm. Prog', 'Meindo', 1),
  (261, 2022, 6, 0.9701165752123301, 'cumulative_progress_actual', 69, 'Actual Cumm. Prog', 'Meindo', 1),
  (262, 2022, 7, 0.9777475390469578, 'cumulative_progress_actual', 69, 'Actual Cumm. Prog', 'Meindo', 1),
  (263, 2022, 8, 0.9826570891052392, 'cumulative_progress_actual', 69, 'Actual Cumm. Prog', 'Meindo', 1),
  (264, 2022, 9, 0.9902591813748587, 'cumulative_progress_actual', 69, 'Actual Cumm. Prog', 'Meindo', 1),
  (265, 2022, 10, 0.9919188205293635, 'cumulative_progress_actual', 69, 'Actual Cumm. Prog', 'Meindo', 1),
  (266, 2022, 11, 0.9929798611410929, 'cumulative_progress_actual', 69, 'Actual Cumm. Prog', 'Meindo', 1),
  (267, 2022, 12, 0.9955170029645052, 'cumulative_progress_actual', 69, 'Actual Cumm. Prog', 'Meindo', 1),
  (268, 2023, 1, 0.9999094580234119, 'cumulative_progress_actual', 69, 'Actual Cumm. Prog', 'Meindo', 1),
  (269, 2023, 2, 0.9999774555679148, 'cumulative_progress_actual', 69, 'Actual Cumm. Prog', 'Meindo', 1),
  (270, 2023, 3, 0.9999806109193188, 'cumulative_progress_actual', 69, 'Actual Cumm. Prog', 'Meindo', 1),
  (271, 2023, 4, 0.9999950932588132, 'cumulative_progress_actual', 69, 'Actual Cumm. Prog', 'Meindo', 1),
  (272, 2023, 5, 0.9999956575491701, 'cumulative_progress_actual', 69, 'Actual Cumm. Prog', 'Meindo', 1),
  (273, 2023, 6, 0.9999956575491701, 'cumulative_progress_actual', 69, 'Actual Cumm. Prog', 'Meindo', 1),
  (274, 2023, 7, 1.0, 'cumulative_progress_actual', 69, 'Actual Cumm. Prog', 'Meindo', 1),
  (275, 2023, 8, 1.0000000000744333, 'cumulative_progress_actual', 69, 'Actual Cumm. Prog', 'Meindo', 1),
  (276, 2023, 9, 1.0000000000744333, 'cumulative_progress_actual', 69, 'Actual Cumm. Prog', 'Meindo', 1),
  (277, 2019, 4, 0.0, 'unknown_70', 70, 'Plan per Month', 'Meindo', 1),
  (278, 2019, 5, 0.0, 'unknown_70', 70, 'Plan per Month', 'Meindo', 1),
  (279, 2019, 6, 0.007505440513044852, 'unknown_70', 70, 'Plan per Month', 'Meindo', 1),
  (280, 2019, 7, 0.014126194095374946, 'unknown_70', 70, 'Plan per Month', 'Meindo', 1),
  (281, 2019, 8, 0.028331807977957466, 'unknown_70', 70, 'Plan per Month', 'Meindo', 1),
  (282, 2019, 9, 0.033076712871708006, 'unknown_70', 70, 'Plan per Month', 'Meindo', 1),
  (283, 2019, 10, 0.04795803275494806, 'unknown_70', 70, 'Plan per Month', 'Meindo', 1),
  (284, 2019, 11, 0.0966611085299616, 'unknown_70', 70, 'Plan per Month', 'Meindo', 1),
  (285, 2019, 12, 0.06782270383077091, 'unknown_70', 70, 'Plan per Month', 'Meindo', 1),
  (286, 2020, 1, 0.06996375743812994, 'unknown_70', 70, 'Plan per Month', 'Meindo', 1),
  (287, 2020, 2, 0.08900331341539819, 'unknown_70', 70, 'Plan per Month', 'Meindo', 1),
  (288, 2020, 3, 0.0545079983127319, 'unknown_70', 70, 'Plan per Month', 'Meindo', 1),
  (289, 2020, 4, 0.005352372507954284, 'unknown_70', 70, 'Plan per Month', 'Meindo', 1),
  (290, 2020, 5, 0.0015905421412504284, 'unknown_70', 70, 'Plan per Month', 'Meindo', 1),
  (291, 2020, 6, 0.006632551495645678, 'unknown_70', 70, 'Plan per Month', 'Meindo', 1),
  (292, 2020, 7, 0.002170297999153803, 'unknown_70', 70, 'Plan per Month', 'Meindo', 1),
  (293, 2020, 8, 0.054902959546268226, 'unknown_70', 70, 'Plan per Month', 'Meindo', 1),
  (294, 2020, 9, 0.01216600762585629, 'unknown_70', 70, 'Plan per Month', 'Meindo', 1),
  (295, 2020, 10, 0.028879417081830283, 'unknown_70', 70, 'Plan per Month', 'Meindo', 1),
  (296, 2020, 11, 0.022253930552470047, 'unknown_70', 70, 'Plan per Month', 'Meindo', 1),
  (297, 2020, 12, 0.07398728053689319, 'unknown_70', 70, 'Plan per Month', 'Meindo', 1),
  (298, 2021, 1, 0.00010757077265188819, 'unknown_70', 70, 'Plan per Month', 'Meindo', 1),
  (299, 2021, 2, 0.0010000000000000009, 'unknown_70', 70, 'Plan per Month', 'Meindo', 1),
  (300, 2021, 3, 0.0, 'unknown_70', 70, 'Plan per Month', 'Meindo', 1);

INSERT INTO `tb_t_subcontractor_monthly` (`id`, `year`, `month`, `value`, `metric`, `excel_row`, `raw_label`, `subcontractor`, `subcontractor_id`) VALUES
  (301, 2021, 4, 0.0010000000000000009, 'unknown_70', 70, 'Plan per Month', 'Meindo', 1),
  (302, 2021, 5, 0.0010000000000000009, 'unknown_70', 70, 'Plan per Month', 'Meindo', 1),
  (303, 2021, 6, 0.0010000000000000009, 'unknown_70', 70, 'Plan per Month', 'Meindo', 1),
  (304, 2021, 7, 0.0010000000000000009, 'unknown_70', 70, 'Plan per Month', 'Meindo', 1),
  (305, 2021, 8, 0.0006892172836140409, 'unknown_70', 70, 'Plan per Month', 'Meindo', 1),
  (306, 2021, 9, 0.03123707974849399, 'unknown_70', 70, 'Plan per Month', 'Meindo', 1),
  (307, 2021, 10, 0.0010737029678919985, 'unknown_70', 70, 'Plan per Month', 'Meindo', 1),
  (308, 2021, 11, 0.0010000000000000009, 'unknown_70', 70, 'Plan per Month', 'Meindo', 1),
  (309, 2021, 12, 0.0013728633933974832, 'unknown_70', 70, 'Plan per Month', 'Meindo', 1),
  (310, 2022, 1, 0.08732177971155675, 'unknown_70', 70, 'Plan per Month', 'Meindo', 1),
  (311, 2022, 2, 0.059676784818157635, 'unknown_70', 70, 'Plan per Month', 'Meindo', 1),
  (312, 2022, 3, 0.033861149099662424, 'unknown_70', 70, 'Plan per Month', 'Meindo', 1),
  (313, 2022, 4, 0.038081875351650196, 'unknown_70', 70, 'Plan per Month', 'Meindo', 1),
  (314, 2022, 5, 0.012499879873751674, 'unknown_70', 70, 'Plan per Month', 'Meindo', 1),
  (315, 2022, 6, 0.0032168130025351793, 'unknown_70', 70, 'Plan per Month', 'Meindo', 1),
  (316, 2022, 7, 0.0040626809941487485, 'unknown_70', 70, 'Plan per Month', 'Meindo', 1),
  (317, 2022, 8, 0.001605829579982898, 'unknown_70', 70, 'Plan per Month', 'Meindo', 1),
  (318, 2022, 9, 0.0019993463814259593, 'unknown_70', 70, 'Plan per Month', 'Meindo', 1),
  (319, 2022, 10, 8.4699203467542e-06, 'unknown_70', 70, 'Plan per Month', 'Meindo', 1),
  (320, 2022, 11, 1.3500674613808883e-06, 'unknown_70', 70, 'Plan per Month', 'Meindo', 1),
  (321, 2022, 12, 0.0, 'unknown_70', 70, 'Plan per Month', 'Meindo', 1),
  (322, 2023, 1, 6.156107283861179e-05, 'unknown_70', 70, 'Plan per Month', 'Meindo', 1),
  (323, 2023, 2, 0.00012408600257884927, 'unknown_70', 70, 'Plan per Month', 'Meindo', 1),
  (324, 2023, 3, 8.351385981908432e-05, 'unknown_70', 70, 'Plan per Month', 'Meindo', 1),
  (325, 2023, 4, 2.1523169470016867e-05, 'unknown_70', 70, 'Plan per Month', 'Meindo', 1),
  (326, 2023, 5, 4.897194418873596e-07, 'unknown_70', 70, 'Plan per Month', 'Meindo', 1),
  (327, 2023, 6, 0.0, 'unknown_70', 70, 'Plan per Month', 'Meindo', 1),
  (328, 2023, 7, 0.0, 'unknown_70', 70, 'Plan per Month', 'Meindo', 1),
  (329, 2023, 8, 0.0, 'unknown_70', 70, 'Plan per Month', 'Meindo', 1),
  (330, 2023, 9, 0.0, 'unknown_70', 70, 'Plan per Month', 'Meindo', 1),
  (331, 2019, 4, 0.0, 'unknown_71', 71, 'Actual per Month', 'Meindo', 1),
  (332, 2019, 5, 0.0, 'unknown_71', 71, 'Actual per Month', 'Meindo', 1),
  (333, 2019, 6, 2.627683452448057e-05, 'unknown_71', 71, 'Actual per Month', 'Meindo', 1),
  (334, 2019, 7, 0.0001598740702384927, 'unknown_71', 71, 'Actual per Month', 'Meindo', 1),
  (335, 2019, 8, 0.0033012286062541773, 'unknown_71', 71, 'Actual per Month', 'Meindo', 1),
  (336, 2019, 9, 0.015810268668995587, 'unknown_71', 71, 'Actual per Month', 'Meindo', 1),
  (337, 2019, 10, 0.03329754630629923, 'unknown_71', 71, 'Actual per Month', 'Meindo', 1),
  (338, 2019, 11, 0.08011619035213921, 'unknown_71', 71, 'Actual per Month', 'Meindo', 1),
  (339, 2019, 12, 0.09982661068624671, 'unknown_71', 71, 'Actual per Month', 'Meindo', 1),
  (340, 2020, 1, 0.10178405302827176, 'unknown_71', 71, 'Actual per Month', 'Meindo', 1),
  (341, 2020, 2, 0.11603901325524302, 'unknown_71', 71, 'Actual per Month', 'Meindo', 1),
  (342, 2020, 3, 0.0705770366081141, 'unknown_71', 71, 'Actual per Month', 'Meindo', 1),
  (343, 2020, 4, 2.2182380676527558e-05, 'unknown_71', 71, 'Actual per Month', 'Meindo', 1),
  (344, 2020, 5, 0.00011816875386938541, 'unknown_71', 71, 'Actual per Month', 'Meindo', 1),
  (345, 2020, 6, 0.007487737159427854, 'unknown_71', 71, 'Actual per Month', 'Meindo', 1),
  (346, 2020, 7, 0.053224194083615894, 'unknown_71', 71, 'Actual per Month', 'Meindo', 1),
  (347, 2020, 8, 0.003956783842932743, 'unknown_71', 71, 'Actual per Month', 'Meindo', 1),
  (348, 2020, 9, 0.00914812992841485, 'unknown_71', 71, 'Actual per Month', 'Meindo', 1),
  (349, 2020, 10, 0.03027965834115154, 'unknown_71', 71, 'Actual per Month', 'Meindo', 1),
  (350, 2020, 11, 0.022993643945928954, 'unknown_71', 71, 'Actual per Month', 'Meindo', 1);

INSERT INTO `tb_t_subcontractor_monthly` (`id`, `year`, `month`, `value`, `metric`, `excel_row`, `raw_label`, `subcontractor`, `subcontractor_id`) VALUES
  (351, 2020, 12, 0.0016943086311547173, 'unknown_71', 71, 'Actual per Month', 'Meindo', 1),
  (352, 2021, 1, 0.0, 'unknown_71', 71, 'Actual per Month', 'Meindo', 1),
  (353, 2021, 2, 0.0, 'unknown_71', 71, 'Actual per Month', 'Meindo', 1),
  (354, 2021, 3, 0.0011370945165007917, 'unknown_71', 71, 'Actual per Month', 'Meindo', 1),
  (355, 2021, 4, 0.0010000000000000009, 'unknown_71', 71, 'Actual per Month', 'Meindo', 1),
  (356, 2021, 5, 0.0030000000000000027, 'unknown_71', 71, 'Actual per Month', 'Meindo', 1),
  (357, 2021, 6, 0.0030000000000000027, 'unknown_71', 71, 'Actual per Month', 'Meindo', 1),
  (358, 2021, 7, 0.0020000000000000018, 'unknown_71', 71, 'Actual per Month', 'Meindo', 1),
  (359, 2021, 8, 0.010000000000000009, 'unknown_71', 71, 'Actual per Month', 'Meindo', 1),
  (360, 2021, 9, 0.010000000000000009, 'unknown_71', 71, 'Actual per Month', 'Meindo', 1),
  (361, 2021, 10, 0.009999999999999898, 'unknown_71', 71, 'Actual per Month', 'Meindo', 1),
  (362, 2021, 11, 0.02937795995221615, 'unknown_71', 71, 'Actual per Month', 'Meindo', 1),
  (363, 2021, 12, 0.025625552404691332, 'unknown_71', 71, 'Actual per Month', 'Meindo', 1),
  (364, 2022, 1, 0.0476830862445794, 'unknown_71', 71, 'Actual per Month', 'Meindo', 1),
  (365, 2022, 2, 0.050761547663120354, 'unknown_71', 71, 'Actual per Month', 'Meindo', 1),
  (366, 2022, 3, 0.03687545316251184, 'unknown_71', 71, 'Actual per Month', 'Meindo', 1),
  (367, 2022, 4, 0.04938541846836397, 'unknown_71', 71, 'Actual per Month', 'Meindo', 1),
  (368, 2022, 5, 0.025314800631173084, 'unknown_71', 71, 'Actual per Month', 'Meindo', 1),
  (369, 2022, 6, 0.015092756685674003, 'unknown_71', 71, 'Actual per Month', 'Meindo', 1),
  (370, 2022, 7, 0.007630963834627691, 'unknown_71', 71, 'Actual per Month', 'Meindo', 1),
  (371, 2022, 8, 0.00490955005828142, 'unknown_71', 71, 'Actual per Month', 'Meindo', 1),
  (372, 2022, 9, 0.007602092269619498, 'unknown_71', 71, 'Actual per Month', 'Meindo', 1),
  (373, 2022, 10, 0.001659639154504844, 'unknown_71', 71, 'Actual per Month', 'Meindo', 1),
  (374, 2022, 11, 0.0010610406117294024, 'unknown_71', 71, 'Actual per Month', 'Meindo', 1),
  (375, 2022, 12, 0.002537141823412248, 'unknown_71', 71, 'Actual per Month', 'Meindo', 1),
  (376, 2023, 1, 0.00439245505890673, 'unknown_71', 71, 'Actual per Month', 'Meindo', 1),
  (377, 2023, 2, 6.799754450292905e-05, 'unknown_71', 71, 'Actual per Month', 'Meindo', 1),
  (378, 2023, 3, 3.155351403938411e-06, 'unknown_71', 71, 'Actual per Month', 'Meindo', 1),
  (379, 2023, 4, 1.4482339494414909e-05, 'unknown_71', 71, 'Actual per Month', 'Meindo', 1),
  (380, 2023, 5, 5.64290356885877e-07, 'unknown_71', 71, 'Actual per Month', 'Meindo', 1),
  (381, 2023, 6, 0.0, 'unknown_71', 71, 'Actual per Month', 'Meindo', 1),
  (382, 2023, 7, 4.342450829919464e-06, 'unknown_71', 71, 'Actual per Month', 'Meindo', 1),
  (383, 2023, 8, 7.443334837375915e-11, 'unknown_71', 71, 'Actual per Month', 'Meindo', 1),
  (384, 2023, 9, 0.0, 'unknown_71', 71, 'Actual per Month', 'Meindo', 1),
  (385, 2019, 4, 0.0, 'achieved_manhours', 78, 'Achieved Mhrs', 'Penta', 2),
  (386, 2019, 5, 0.0, 'achieved_manhours', 78, 'Achieved Mhrs', 'Penta', 2),
  (387, 2019, 6, 1946.0, 'achieved_manhours', 78, 'Achieved Mhrs', 'Penta', 2),
  (388, 2019, 7, 5.893000000000001, 'achieved_manhours', 78, 'Achieved Mhrs', 'Penta', 2),
  (389, 2019, 8, 2.533, 'achieved_manhours', 78, 'Achieved Mhrs', 'Penta', 2),
  (390, 2019, 9, 2.1159999999999997, 'achieved_manhours', 78, 'Achieved Mhrs', 'Penta', 2),
  (391, 2019, 10, 50.794, 'achieved_manhours', 78, 'Achieved Mhrs', 'Penta', 2),
  (392, 2019, 11, 24.116, 'achieved_manhours', 78, 'Achieved Mhrs', 'Penta', 2),
  (393, 2019, 12, 10.446, 'achieved_manhours', 78, 'Achieved Mhrs', 'Penta', 2),
  (394, 2020, 1, 568.017, 'achieved_manhours', 78, 'Achieved Mhrs', 'Penta', 2),
  (395, 2020, 2, 147.849, 'achieved_manhours', 78, 'Achieved Mhrs', 'Penta', 2),
  (396, 2020, 3, 2639.476, 'achieved_manhours', 78, 'Achieved Mhrs', 'Penta', 2),
  (397, 2020, 4, 1701.214, 'achieved_manhours', 78, 'Achieved Mhrs', 'Penta', 2),
  (398, 2020, 5, 934.598, 'achieved_manhours', 78, 'Achieved Mhrs', 'Penta', 2),
  (399, 2020, 6, 60.488, 'achieved_manhours', 78, 'Achieved Mhrs', 'Penta', 2),
  (400, 2020, 7, 1882.8029999999999, 'achieved_manhours', 78, 'Achieved Mhrs', 'Penta', 2);

INSERT INTO `tb_t_subcontractor_monthly` (`id`, `year`, `month`, `value`, `metric`, `excel_row`, `raw_label`, `subcontractor`, `subcontractor_id`) VALUES
  (401, 2020, 8, 3563.55, 'achieved_manhours', 78, 'Achieved Mhrs', 'Penta', 2),
  (402, 2020, 9, 1552.291, 'achieved_manhours', 78, 'Achieved Mhrs', 'Penta', 2),
  (403, 2020, 10, 106.0, 'achieved_manhours', 78, 'Achieved Mhrs', 'Penta', 2),
  (404, 2020, 11, 0.0, 'achieved_manhours', 78, 'Achieved Mhrs', 'Penta', 2),
  (405, 2020, 12, 0.0, 'achieved_manhours', 78, 'Achieved Mhrs', 'Penta', 2),
  (406, 2021, 1, 0.0, 'achieved_manhours', 78, 'Achieved Mhrs', 'Penta', 2),
  (407, 2021, 2, 0.0, 'achieved_manhours', 78, 'Achieved Mhrs', 'Penta', 2),
  (408, 2021, 3, 0.0, 'achieved_manhours', 78, 'Achieved Mhrs', 'Penta', 2),
  (409, 2021, 4, 246.666, 'achieved_manhours', 78, 'Achieved Mhrs', 'Penta', 2),
  (410, 2021, 5, 102.165, 'achieved_manhours', 78, 'Achieved Mhrs', 'Penta', 2),
  (411, 2021, 6, 22.492, 'achieved_manhours', 78, 'Achieved Mhrs', 'Penta', 2),
  (412, 2021, 7, 189.808, 'achieved_manhours', 78, 'Achieved Mhrs', 'Penta', 2),
  (413, 2021, 8, 0.0, 'achieved_manhours', 78, 'Achieved Mhrs', 'Penta', 2),
  (414, 2021, 9, 45.169000000000004, 'achieved_manhours', 78, 'Achieved Mhrs', 'Penta', 2),
  (415, 2021, 10, 43.489, 'achieved_manhours', 78, 'Achieved Mhrs', 'Penta', 2),
  (416, 2021, 11, 90.22, 'achieved_manhours', 78, 'Achieved Mhrs', 'Penta', 2),
  (417, 2021, 12, 534.0350000000001, 'achieved_manhours', 78, 'Achieved Mhrs', 'Penta', 2),
  (418, 2022, 1, 0.0, 'achieved_manhours', 78, 'Achieved Mhrs', 'Penta', 2),
  (419, 2022, 2, 0.0, 'achieved_manhours', 78, 'Achieved Mhrs', 'Penta', 2),
  (420, 2022, 3, 0.0, 'achieved_manhours', 78, 'Achieved Mhrs', 'Penta', 2),
  (421, 2022, 4, 0.0, 'achieved_manhours', 78, 'Achieved Mhrs', 'Penta', 2),
  (422, 2022, 5, 0.0, 'achieved_manhours', 78, 'Achieved Mhrs', 'Penta', 2),
  (423, 2022, 6, 0.0, 'achieved_manhours', 78, 'Achieved Mhrs', 'Penta', 2),
  (424, 2022, 7, 0.0, 'achieved_manhours', 78, 'Achieved Mhrs', 'Penta', 2),
  (425, 2022, 8, 0.0, 'achieved_manhours', 78, 'Achieved Mhrs', 'Penta', 2),
  (426, 2022, 9, 5.781000000000001, 'achieved_manhours', 78, 'Achieved Mhrs', 'Penta', 2),
  (427, 2022, 10, 0.542, 'achieved_manhours', 78, 'Achieved Mhrs', 'Penta', 2),
  (428, 2022, 11, 0.0, 'achieved_manhours', 78, 'Achieved Mhrs', 'Penta', 2),
  (429, 2022, 12, 0.0, 'achieved_manhours', 78, 'Achieved Mhrs', 'Penta', 2),
  (430, 2023, 1, 0.0, 'achieved_manhours', 78, 'Achieved Mhrs', 'Penta', 2),
  (431, 2023, 2, 0.0, 'achieved_manhours', 78, 'Achieved Mhrs', 'Penta', 2),
  (432, 2023, 3, 0.0, 'achieved_manhours', 78, 'Achieved Mhrs', 'Penta', 2),
  (433, 2023, 4, 0.0, 'achieved_manhours', 78, 'Achieved Mhrs', 'Penta', 2),
  (434, 2023, 5, 0.0, 'achieved_manhours', 78, 'Achieved Mhrs', 'Penta', 2),
  (435, 2023, 6, 0.0, 'achieved_manhours', 78, 'Achieved Mhrs', 'Penta', 2),
  (436, 2020, 9, 0.60099134, 'invoice_value_musd', 79, 'Invoice Value (MUSD)', 'Penta', 2),
  (437, 2020, 10, 1.76721398, 'invoice_value_musd', 79, 'Invoice Value (MUSD)', 'Penta', 2),
  (438, 2020, 11, 0.0, 'invoice_value_musd', 79, 'Invoice Value (MUSD)', 'Penta', 2),
  (439, 2020, 12, 0.95793368, 'invoice_value_musd', 79, 'Invoice Value (MUSD)', 'Penta', 2),
  (440, 2021, 1, 0.0, 'invoice_value_musd', 79, 'Invoice Value (MUSD)', 'Penta', 2),
  (441, 2021, 2, 0.0, 'invoice_value_musd', 79, 'Invoice Value (MUSD)', 'Penta', 2),
  (442, 2021, 3, 0.0, 'invoice_value_musd', 79, 'Invoice Value (MUSD)', 'Penta', 2),
  (443, 2021, 4, 0.77735659, 'invoice_value_musd', 79, 'Invoice Value (MUSD)', 'Penta', 2),
  (444, 2021, 5, 0.48933671999999995, 'invoice_value_musd', 79, 'Invoice Value (MUSD)', 'Penta', 2),
  (445, 2021, 6, 0.12363951, 'invoice_value_musd', 79, 'Invoice Value (MUSD)', 'Penta', 2),
  (446, 2021, 7, 0.0, 'invoice_value_musd', 79, 'Invoice Value (MUSD)', 'Penta', 2),
  (447, 2021, 8, 0.0, 'invoice_value_musd', 79, 'Invoice Value (MUSD)', 'Penta', 2),
  (448, 2021, 9, 0.0, 'invoice_value_musd', 79, 'Invoice Value (MUSD)', 'Penta', 2),
  (449, 2021, 10, 0.34066669, 'invoice_value_musd', 79, 'Invoice Value (MUSD)', 'Penta', 2),
  (450, 2021, 11, 1.16348919, 'invoice_value_musd', 79, 'Invoice Value (MUSD)', 'Penta', 2);

INSERT INTO `tb_t_subcontractor_monthly` (`id`, `year`, `month`, `value`, `metric`, `excel_row`, `raw_label`, `subcontractor`, `subcontractor_id`) VALUES
  (451, 2021, 12, 1.02541566, 'invoice_value_musd', 79, 'Invoice Value (MUSD)', 'Penta', 2),
  (452, 2022, 1, 0.85349504, 'invoice_value_musd', 79, 'Invoice Value (MUSD)', 'Penta', 2),
  (453, 2022, 2, 1.31839156, 'invoice_value_musd', 79, 'Invoice Value (MUSD)', 'Penta', 2),
  (454, 2022, 3, 1.3988631200000001, 'invoice_value_musd', 79, 'Invoice Value (MUSD)', 'Penta', 2),
  (455, 2022, 4, 1.73737493, 'invoice_value_musd', 79, 'Invoice Value (MUSD)', 'Penta', 2),
  (456, 2022, 5, 1.31839156, 'invoice_value_musd', 79, 'Invoice Value (MUSD)', 'Penta', 2),
  (457, 2022, 6, 0.5160959, 'invoice_value_musd', 79, 'Invoice Value (MUSD)', 'Penta', 2),
  (458, 2022, 7, 1.70325956, 'invoice_value_musd', 79, 'Invoice Value (MUSD)', 'Penta', 2),
  (459, 2022, 8, 1.24210555, 'invoice_value_musd', 79, 'Invoice Value (MUSD)', 'Penta', 2),
  (460, 2022, 9, 5.44269101, 'invoice_value_musd', 79, 'Invoice Value (MUSD)', 'Penta', 2),
  (461, 2022, 10, 2.27653532, 'invoice_value_musd', 79, 'Invoice Value (MUSD)', 'Penta', 2),
  (462, 2022, 11, 1.64816838, 'invoice_value_musd', 79, 'Invoice Value (MUSD)', 'Penta', 2),
  (463, 2022, 12, 0.0, 'invoice_value_musd', 79, 'Invoice Value (MUSD)', 'Penta', 2),
  (464, 2023, 1, 0.0, 'invoice_value_musd', 79, 'Invoice Value (MUSD)', 'Penta', 2),
  (465, 2023, 2, 2.63336196, 'invoice_value_musd', 79, 'Invoice Value (MUSD)', 'Penta', 2),
  (466, 2023, 3, 1.2902013300000001, 'invoice_value_musd', 79, 'Invoice Value (MUSD)', 'Penta', 2),
  (467, 2023, 4, 0.66209433, 'invoice_value_musd', 79, 'Invoice Value (MUSD)', 'Penta', 2),
  (468, 2023, 5, 0.99901509, 'invoice_value_musd', 79, 'Invoice Value (MUSD)', 'Penta', 2),
  (469, 2023, 6, 0.0, 'invoice_value_musd', 79, 'Invoice Value (MUSD)', 'Penta', 2),
  (470, 2023, 7, 1.83480314, 'invoice_value_musd', 79, 'Invoice Value (MUSD)', 'Penta', 2),
  (471, 2020, 9, 0.60040435854098, 'actual_vowd_musd', 80, 'Actual/VOWD', 'Penta', 2),
  (472, 2020, 10, 1.6153913245748184, 'actual_vowd_musd', 80, 'Actual/VOWD', 'Penta', 2),
  (473, 2020, 11, 1.4157085242928291, 'actual_vowd_musd', 80, 'Actual/VOWD', 'Penta', 2),
  (474, 2020, 12, 0.0, 'actual_vowd_musd', 80, 'Actual/VOWD', 'Penta', 2),
  (475, 2021, 1, 0.0, 'actual_vowd_musd', 80, 'Actual/VOWD', 'Penta', 2),
  (476, 2021, 2, 0.0, 'actual_vowd_musd', 80, 'Actual/VOWD', 'Penta', 2),
  (477, 2021, 3, 0.0, 'actual_vowd_musd', 80, 'Actual/VOWD', 'Penta', 2),
  (478, 2021, 4, 1.2502634437879587, 'actual_vowd_musd', 80, 'Actual/VOWD', 'Penta', 2),
  (479, 2021, 5, 0.9471115656003076, 'actual_vowd_musd', 80, 'Actual/VOWD', 'Penta', 2),
  (480, 2021, 6, 0.5814143620868678, 'actual_vowd_musd', 80, 'Actual/VOWD', 'Penta', 2),
  (481, 2021, 7, 0.0, 'actual_vowd_musd', 80, 'Actual/VOWD', 'Penta', 2),
  (482, 2021, 8, 0.0, 'actual_vowd_musd', 80, 'Actual/VOWD', 'Penta', 2),
  (483, 2021, 9, 0.0, 'actual_vowd_musd', 80, 'Actual/VOWD', 'Penta', 2),
  (484, 2021, 10, 1.0419259534247407, 'actual_vowd_musd', 80, 'Actual/VOWD', 'Penta', 2),
  (485, 2021, 11, 1.3807353401735882, 'actual_vowd_musd', 80, 'Actual/VOWD', 'Penta', 2),
  (486, 2021, 12, 1.025415659562001, 'actual_vowd_musd', 80, 'Actual/VOWD', 'Penta', 2),
  (487, 2022, 1, 0.8534950416758221, 'actual_vowd_musd', 80, 'Actual/VOWD', 'Penta', 2),
  (488, 2022, 2, 1.3988631250274663, 'actual_vowd_musd', 80, 'Actual/VOWD', 'Penta', 2),
  (489, 2022, 3, 1.7373749312239066, 'actual_vowd_musd', 80, 'Actual/VOWD', 'Penta', 2),
  (490, 2022, 4, 1.3183915622940012, 'actual_vowd_musd', 80, 'Actual/VOWD', 'Penta', 2),
  (491, 2022, 5, 1.8344874614370466, 'actual_vowd_musd', 80, 'Actual/VOWD', 'Penta', 2),
  (492, 2022, 6, 1.7032595575331428, 'actual_vowd_musd', 80, 'Actual/VOWD', 'Penta', 2),
  (493, 2022, 7, 2.560497111184355, 'actual_vowd_musd', 80, 'Actual/VOWD', 'Penta', 2),
  (494, 2022, 8, 3.382519352862374, 'actual_vowd_musd', 80, 'Actual/VOWD', 'Penta', 2),
  (495, 2022, 9, 10.15111042850465, 'actual_vowd_musd', 80, 'Actual/VOWD', 'Penta', 2),
  (496, 2022, 10, 2.695590436680583, 'actual_vowd_musd', 80, 'Actual/VOWD', 'Penta', 2),
  (497, 2022, 11, 2.5164028358839836, 'actual_vowd_musd', 80, 'Actual/VOWD', 'Penta', 2),
  (498, 2022, 12, 1.427039078841573, 'actual_vowd_musd', 80, 'Actual/VOWD', 'Penta', 2),
  (499, 2023, 1, 0.6576465783834321, 'actual_vowd_musd', 80, 'Actual/VOWD', 'Penta', 2),
  (500, 2023, 2, 0.6086672768746062, 'actual_vowd_musd', 80, 'Actual/VOWD', 'Penta', 2);

INSERT INTO `tb_t_subcontractor_monthly` (`id`, `year`, `month`, `value`, `metric`, `excel_row`, `raw_label`, `subcontractor`, `subcontractor_id`) VALUES
  (501, 2023, 3, 0.6620943326008936, 'actual_vowd_musd', 80, 'Actual/VOWD', 'Penta', 2),
  (502, 2023, 4, 0.9990150930395519, 'actual_vowd_musd', 80, 'Actual/VOWD', 'Penta', 2),
  (503, 2023, 5, 0.6135044635735735, 'actual_vowd_musd', 80, 'Actual/VOWD', 'Penta', 2),
  (504, 2023, 6, 0.6077942215900536, 'actual_vowd_musd', 80, 'Actual/VOWD', 'Penta', 2),
  (505, 2023, 7, 0.6248424681147, 'actual_vowd_musd', 80, 'Actual/VOWD', 'Penta', 2),
  (506, 2023, 8, 0.40681589091540316, 'actual_vowd_musd', 80, 'Actual/VOWD', 'Penta', 2),
  (507, 2023, 9, 0.0, 'actual_vowd_musd', 80, 'Actual/VOWD', 'Penta', 2),
  (508, 2023, 10, 0.37379150977807074, 'actual_vowd_musd', 80, 'Actual/VOWD', 'Penta', 2),
  (509, 2023, 11, 0.3697573695158573, 'actual_vowd_musd', 80, 'Actual/VOWD', 'Penta', 2),
  (510, 2023, 12, 0.36006167889841056, 'actual_vowd_musd', 80, 'Actual/VOWD', 'Penta', 2),
  (511, 2019, 8, 225.0, 'pob_actual', 81, 'POB', 'Penta', 2),
  (512, 2019, 9, 239.26666666666668, 'pob_actual', 81, 'POB', 'Penta', 2),
  (513, 2019, 10, 292.0, 'pob_actual', 81, 'POB', 'Penta', 2),
  (514, 2019, 11, 413.7, 'pob_actual', 81, 'POB', 'Penta', 2),
  (515, 2019, 12, 535.4666666666667, 'pob_actual', 81, 'POB', 'Penta', 2),
  (516, 2020, 1, 574.8666666666667, 'pob_actual', 81, 'POB', 'Penta', 2),
  (517, 2020, 2, 652.0, 'pob_actual', 81, 'POB', 'Penta', 2),
  (518, 2020, 3, 632.7, 'pob_actual', 81, 'POB', 'Penta', 2),
  (519, 2020, 4, 362.6333333333333, 'pob_actual', 81, 'POB', 'Penta', 2),
  (520, 2020, 5, 396.3666666666667, 'pob_actual', 81, 'POB', 'Penta', 2),
  (521, 2020, 6, 367.0, 'pob_actual', 81, 'POB', 'Penta', 2),
  (522, 2020, 7, 544.3666666666667, 'pob_actual', 81, 'POB', 'Penta', 2),
  (523, 2020, 8, 625.7, 'pob_actual', 81, 'POB', 'Penta', 2),
  (524, 2020, 9, 578.4, 'pob_actual', 81, 'POB', 'Penta', 2),
  (525, 2020, 10, 614.5, 'pob_actual', 81, 'POB', 'Penta', 2),
  (526, 2020, 11, 670.6, 'pob_actual', 81, 'POB', 'Penta', 2),
  (527, 2020, 12, 289.3666666666667, 'pob_actual', 81, 'POB', 'Penta', 2),
  (528, 2021, 1, 7.366666666666666, 'pob_actual', 81, 'POB', 'Penta', 2),
  (529, 2021, 2, 31.666666666666668, 'pob_actual', 81, 'POB', 'Penta', 2),
  (530, 2021, 3, 359.8, 'pob_actual', 81, 'POB', 'Penta', 2),
  (531, 2021, 4, 585.4, 'pob_actual', 81, 'POB', 'Penta', 2),
  (532, 2021, 5, 644.4333333333333, 'pob_actual', 81, 'POB', 'Penta', 2),
  (533, 2021, 6, 630.7666666666667, 'pob_actual', 81, 'POB', 'Penta', 2),
  (534, 2021, 7, 552.5, 'pob_actual', 81, 'POB', 'Penta', 2),
  (535, 2021, 8, 460.06666666666666, 'pob_actual', 81, 'POB', 'Penta', 2),
  (536, 2021, 9, 410.73333333333335, 'pob_actual', 81, 'POB', 'Penta', 2),
  (537, 2021, 10, 725.1666666666666, 'pob_actual', 81, 'POB', 'Penta', 2),
  (538, 2021, 11, 880.0666666666667, 'pob_actual', 81, 'POB', 'Penta', 2),
  (539, 2021, 12, 813.5666666666667, 'pob_actual', 81, 'POB', 'Penta', 2),
  (540, 2022, 1, 723.6666666666666, 'pob_actual', 81, 'POB', 'Penta', 2),
  (541, 2022, 2, 718.5, 'pob_actual', 81, 'POB', 'Penta', 2),
  (542, 2022, 3, 737.9666666666667, 'pob_actual', 81, 'POB', 'Penta', 2),
  (543, 2022, 4, 739.9333333333333, 'pob_actual', 81, 'POB', 'Penta', 2),
  (544, 2022, 5, 751.5333333333333, 'pob_actual', 81, 'POB', 'Penta', 2),
  (545, 2022, 6, 638.1, 'pob_actual', 81, 'POB', 'Penta', 2),
  (546, 2022, 7, 629.1, 'pob_actual', 81, 'POB', 'Penta', 2),
  (547, 2022, 8, 584.7333333333333, 'pob_actual', 81, 'POB', 'Penta', 2),
  (548, 2022, 9, 509.53333333333336, 'pob_actual', 81, 'POB', 'Penta', 2),
  (549, 2022, 10, 392.9, 'pob_actual', 81, 'POB', 'Penta', 2),
  (550, 2022, 11, 209.73333333333332, 'pob_actual', 81, 'POB', 'Penta', 2);

INSERT INTO `tb_t_subcontractor_monthly` (`id`, `year`, `month`, `value`, `metric`, `excel_row`, `raw_label`, `subcontractor`, `subcontractor_id`) VALUES
  (551, 2022, 12, 171.5, 'pob_actual', 81, 'POB', 'Penta', 2),
  (552, 2023, 1, 111.9, 'pob_actual', 81, 'POB', 'Penta', 2),
  (553, 2023, 2, 98.43333333333334, 'pob_actual', 81, 'POB', 'Penta', 2),
  (554, 2023, 3, 111.36666666666666, 'pob_actual', 81, 'POB', 'Penta', 2),
  (555, 2023, 4, 103.36666666666666, 'pob_actual', 81, 'POB', 'Penta', 2),
  (556, 2023, 5, 103.5, 'pob_actual', 81, 'POB', 'Penta', 2),
  (557, 2023, 6, 94.3, 'pob_actual', 81, 'POB', 'Penta', 2),
  (558, 2023, 7, 91.2, 'pob_actual', 81, 'POB', 'Penta', 2),
  (559, 2023, 8, 50.233333333333334, 'pob_actual', 81, 'POB', 'Penta', 2),
  (560, 2023, 9, 39.2, 'pob_actual', 81, 'POB', 'Penta', 2),
  (561, 2023, 10, 41.233333333333334, 'pob_actual', 81, 'POB', 'Penta', 2),
  (562, 2023, 11, 39.5, 'pob_actual', 81, 'POB', 'Penta', 2),
  (563, 2023, 12, 37.766666666666666, 'pob_actual', 81, 'POB', 'Penta', 2),
  (564, 2019, 4, 0.0, 'cumulative_progress_plan', 82, 'Plan Cumm.Prog', 'Penta', 2),
  (565, 2019, 5, 0.0004900712094408679, 'cumulative_progress_plan', 82, 'Plan Cumm.Prog', 'Penta', 2),
  (566, 2019, 6, 0.017721577641677692, 'cumulative_progress_plan', 82, 'Plan Cumm.Prog', 'Penta', 2),
  (567, 2019, 7, 0.0401166886578544, 'cumulative_progress_plan', 82, 'Plan Cumm.Prog', 'Penta', 2),
  (568, 2019, 8, 0.07140375612492855, 'cumulative_progress_plan', 82, 'Plan Cumm.Prog', 'Penta', 2),
  (569, 2019, 9, 0.09795522640803866, 'cumulative_progress_plan', 82, 'Plan Cumm.Prog', 'Penta', 2),
  (570, 2019, 10, 0.1245794314102314, 'cumulative_progress_plan', 82, 'Plan Cumm.Prog', 'Penta', 2),
  (571, 2019, 11, 0.1725660235249772, 'cumulative_progress_plan', 82, 'Plan Cumm.Prog', 'Penta', 2),
  (572, 2019, 12, 0.1995932580747413, 'cumulative_progress_plan', 82, 'Plan Cumm.Prog', 'Penta', 2),
  (573, 2020, 1, 0.22605083015119184, 'cumulative_progress_plan', 82, 'Plan Cumm.Prog', 'Penta', 2),
  (574, 2020, 2, 0.25844762478051553, 'cumulative_progress_plan', 82, 'Plan Cumm.Prog', 'Penta', 2),
  (575, 2020, 3, 0.3798153038763048, 'cumulative_progress_plan', 82, 'Plan Cumm.Prog', 'Penta', 2),
  (576, 2020, 4, 0.41275962299746544, 'cumulative_progress_plan', 82, 'Plan Cumm.Prog', 'Penta', 2),
  (577, 2020, 5, 0.4504363053881459, 'cumulative_progress_plan', 82, 'Plan Cumm.Prog', 'Penta', 2),
  (578, 2020, 6, 0.47106018088548035, 'cumulative_progress_plan', 82, 'Plan Cumm.Prog', 'Penta', 2),
  (579, 2020, 7, 0.5134700332238278, 'cumulative_progress_plan', 82, 'Plan Cumm.Prog', 'Penta', 2),
  (580, 2020, 8, 0.691359302707297, 'cumulative_progress_plan', 82, 'Plan Cumm.Prog', 'Penta', 2),
  (581, 2020, 9, 0.6917597222075448, 'cumulative_progress_plan', 82, 'Plan Cumm.Prog', 'Penta', 2),
  (582, 2020, 10, 0.6994539253364523, 'cumulative_progress_plan', 82, 'Plan Cumm.Prog', 'Penta', 2),
  (583, 2020, 11, 0.7172222298687707, 'cumulative_progress_plan', 82, 'Plan Cumm.Prog', 'Penta', 2),
  (584, 2020, 12, 0.7684734446607636, 'cumulative_progress_plan', 82, 'Plan Cumm.Prog', 'Penta', 2),
  (585, 2021, 1, 0.77, 'cumulative_progress_plan', 82, 'Plan Cumm.Prog', 'Penta', 2),
  (586, 2021, 2, 0.775, 'cumulative_progress_plan', 82, 'Plan Cumm.Prog', 'Penta', 2),
  (587, 2021, 3, 0.78, 'cumulative_progress_plan', 82, 'Plan Cumm.Prog', 'Penta', 2),
  (588, 2021, 4, 0.785, 'cumulative_progress_plan', 82, 'Plan Cumm.Prog', 'Penta', 2),
  (589, 2021, 5, 0.79, 'cumulative_progress_plan', 82, 'Plan Cumm.Prog', 'Penta', 2),
  (590, 2021, 6, 0.7976180578383787, 'cumulative_progress_plan', 82, 'Plan Cumm.Prog', 'Penta', 2),
  (591, 2021, 7, 0.799, 'cumulative_progress_plan', 82, 'Plan Cumm.Prog', 'Penta', 2),
  (592, 2021, 8, 0.8, 'cumulative_progress_plan', 82, 'Plan Cumm.Prog', 'Penta', 2),
  (593, 2021, 9, 0.801, 'cumulative_progress_plan', 82, 'Plan Cumm.Prog', 'Penta', 2),
  (594, 2021, 10, 0.8026344180225146, 'cumulative_progress_plan', 82, 'Plan Cumm.Prog', 'Penta', 2),
  (595, 2021, 11, 0.8115210974327409, 'cumulative_progress_plan', 82, 'Plan Cumm.Prog', 'Penta', 2),
  (596, 2021, 12, 0.8649181913800892, 'cumulative_progress_plan', 82, 'Plan Cumm.Prog', 'Penta', 2),
  (597, 2022, 1, 0.9449016990106035, 'cumulative_progress_plan', 82, 'Plan Cumm.Prog', 'Penta', 2),
  (598, 2022, 2, 0.9831227220475922, 'cumulative_progress_plan', 82, 'Plan Cumm.Prog', 'Penta', 2),
  (599, 2022, 3, 0.9984957118583175, 'cumulative_progress_plan', 82, 'Plan Cumm.Prog', 'Penta', 2),
  (600, 2022, 4, 0.9998058502814346, 'cumulative_progress_plan', 82, 'Plan Cumm.Prog', 'Penta', 2);

INSERT INTO `tb_t_subcontractor_monthly` (`id`, `year`, `month`, `value`, `metric`, `excel_row`, `raw_label`, `subcontractor`, `subcontractor_id`) VALUES
  (601, 2022, 5, 0.9999744954591218, 'cumulative_progress_plan', 82, 'Plan Cumm.Prog', 'Penta', 2),
  (602, 2022, 6, 0.9999974094554462, 'cumulative_progress_plan', 82, 'Plan Cumm.Prog', 'Penta', 2),
  (603, 2022, 7, 0.9999974721601916, 'cumulative_progress_plan', 82, 'Plan Cumm.Prog', 'Penta', 2),
  (604, 2022, 8, 0.9999983454384764, 'cumulative_progress_plan', 82, 'Plan Cumm.Prog', 'Penta', 2),
  (605, 2022, 9, 0.9999999946280161, 'cumulative_progress_plan', 82, 'Plan Cumm.Prog', 'Penta', 2),
  (606, 2022, 10, 0.9999999946280161, 'cumulative_progress_plan', 82, 'Plan Cumm.Prog', 'Penta', 2),
  (607, 2022, 11, 0.9999999946280161, 'cumulative_progress_plan', 82, 'Plan Cumm.Prog', 'Penta', 2),
  (608, 2022, 12, 0.9999999946280161, 'cumulative_progress_plan', 82, 'Plan Cumm.Prog', 'Penta', 2),
  (609, 2023, 1, 0.9999999946280161, 'cumulative_progress_plan', 82, 'Plan Cumm.Prog', 'Penta', 2),
  (610, 2023, 2, 0.9999999946280161, 'cumulative_progress_plan', 82, 'Plan Cumm.Prog', 'Penta', 2),
  (611, 2023, 3, 0.9999999946280161, 'cumulative_progress_plan', 82, 'Plan Cumm.Prog', 'Penta', 2),
  (612, 2023, 4, 0.9999999946280161, 'cumulative_progress_plan', 82, 'Plan Cumm.Prog', 'Penta', 2),
  (613, 2023, 5, 0.9999999946280161, 'cumulative_progress_plan', 82, 'Plan Cumm.Prog', 'Penta', 2),
  (614, 2023, 6, 0.9999999946280161, 'cumulative_progress_plan', 82, 'Plan Cumm.Prog', 'Penta', 2),
  (615, 2023, 7, 0.9999999946280161, 'cumulative_progress_plan', 82, 'Plan Cumm.Prog', 'Penta', 2),
  (616, 2023, 8, 0.9999999946280161, 'cumulative_progress_plan', 82, 'Plan Cumm.Prog', 'Penta', 2),
  (617, 2023, 9, 0.9999999946280161, 'cumulative_progress_plan', 82, 'Plan Cumm.Prog', 'Penta', 2),
  (618, 2019, 4, 0.0, 'cumulative_progress_actual', 83, 'Actual Cumm. Prog', 'Penta', 2),
  (619, 2019, 5, 6.442253115131809e-05, 'cumulative_progress_actual', 83, 'Actual Cumm. Prog', 'Penta', 2),
  (620, 2019, 6, 0.004323279455987066, 'cumulative_progress_actual', 83, 'Actual Cumm. Prog', 'Penta', 2),
  (621, 2019, 7, 0.01410665788656254, 'cumulative_progress_actual', 83, 'Actual Cumm. Prog', 'Penta', 2),
  (622, 2019, 8, 0.029373220895895367, 'cumulative_progress_actual', 83, 'Actual Cumm. Prog', 'Penta', 2),
  (623, 2019, 9, 0.04720519374033933, 'cumulative_progress_actual', 83, 'Actual Cumm. Prog', 'Penta', 2),
  (624, 2019, 10, 0.06531627495647722, 'cumulative_progress_actual', 83, 'Actual Cumm. Prog', 'Penta', 2),
  (625, 2019, 11, 0.10616256323063399, 'cumulative_progress_actual', 83, 'Actual Cumm. Prog', 'Penta', 2),
  (626, 2019, 12, 0.15538823181806896, 'cumulative_progress_actual', 83, 'Actual Cumm. Prog', 'Penta', 2),
  (627, 2020, 1, 0.20263005031290457, 'cumulative_progress_actual', 83, 'Actual Cumm. Prog', 'Penta', 2),
  (628, 2020, 2, 0.2554806823295847, 'cumulative_progress_actual', 83, 'Actual Cumm. Prog', 'Penta', 2),
  (629, 2020, 3, 0.3613513584042099, 'cumulative_progress_actual', 83, 'Actual Cumm. Prog', 'Penta', 2),
  (630, 2020, 4, 0.3949191210449338, 'cumulative_progress_actual', 83, 'Actual Cumm. Prog', 'Penta', 2),
  (631, 2020, 5, 0.4385312728468565, 'cumulative_progress_actual', 83, 'Actual Cumm. Prog', 'Penta', 2),
  (632, 2020, 6, 0.4870661317744048, 'cumulative_progress_actual', 83, 'Actual Cumm. Prog', 'Penta', 2),
  (633, 2020, 7, 0.5959890294627478, 'cumulative_progress_actual', 83, 'Actual Cumm. Prog', 'Penta', 2),
  (634, 2020, 8, 0.7122656883982621, 'cumulative_progress_actual', 83, 'Actual Cumm. Prog', 'Penta', 2),
  (635, 2020, 9, 0.713077986060778, 'cumulative_progress_actual', 83, 'Actual Cumm. Prog', 'Penta', 2),
  (636, 2020, 10, 0.7443757172578795, 'cumulative_progress_actual', 83, 'Actual Cumm. Prog', 'Penta', 2),
  (637, 2020, 11, 0.746, 'cumulative_progress_actual', 83, 'Actual Cumm. Prog', 'Penta', 2),
  (638, 2020, 12, 0.747, 'cumulative_progress_actual', 83, 'Actual Cumm. Prog', 'Penta', 2),
  (639, 2021, 1, 0.748, 'cumulative_progress_actual', 83, 'Actual Cumm. Prog', 'Penta', 2),
  (640, 2021, 2, 0.749, 'cumulative_progress_actual', 83, 'Actual Cumm. Prog', 'Penta', 2),
  (641, 2021, 3, 0.75, 'cumulative_progress_actual', 83, 'Actual Cumm. Prog', 'Penta', 2),
  (642, 2021, 4, 0.7513399739895478, 'cumulative_progress_actual', 83, 'Actual Cumm. Prog', 'Penta', 2),
  (643, 2021, 5, 0.7649845944106941, 'cumulative_progress_actual', 83, 'Actual Cumm. Prog', 'Penta', 2),
  (644, 2021, 6, 0.7724072792878538, 'cumulative_progress_actual', 83, 'Actual Cumm. Prog', 'Penta', 2),
  (645, 2021, 7, 0.7767923635325921, 'cumulative_progress_actual', 83, 'Actual Cumm. Prog', 'Penta', 2),
  (646, 2021, 8, 0.7767923635325921, 'cumulative_progress_actual', 83, 'Actual Cumm. Prog', 'Penta', 2),
  (647, 2021, 9, 0.7808750841443465, 'cumulative_progress_actual', 83, 'Actual Cumm. Prog', 'Penta', 2),
  (648, 2021, 10, 0.79, 'cumulative_progress_actual', 83, 'Actual Cumm. Prog', 'Penta', 2),
  (649, 2021, 11, 0.8090812710795696, 'cumulative_progress_actual', 83, 'Actual Cumm. Prog', 'Penta', 2),
  (650, 2021, 12, 0.8418908944627749, 'cumulative_progress_actual', 83, 'Actual Cumm. Prog', 'Penta', 2);

INSERT INTO `tb_t_subcontractor_monthly` (`id`, `year`, `month`, `value`, `metric`, `excel_row`, `raw_label`, `subcontractor`, `subcontractor_id`) VALUES
  (651, 2022, 1, 0.8796829428654865, 'cumulative_progress_actual', 83, 'Actual Cumm. Prog', 'Penta', 2),
  (652, 2022, 2, 0.9183129201350246, 'cumulative_progress_actual', 83, 'Actual Cumm. Prog', 'Penta', 2),
  (653, 2022, 3, 0.943645213673558, 'cumulative_progress_actual', 83, 'Actual Cumm. Prog', 'Penta', 2),
  (654, 2022, 4, 0.9699737013271484, 'cumulative_progress_actual', 83, 'Actual Cumm. Prog', 'Penta', 2),
  (655, 2022, 5, 0.9819560054359419, 'cumulative_progress_actual', 83, 'Actual Cumm. Prog', 'Penta', 2),
  (656, 2022, 6, 0.9911722036365618, 'cumulative_progress_actual', 83, 'Actual Cumm. Prog', 'Penta', 2),
  (657, 2022, 7, 0.9958908259683327, 'cumulative_progress_actual', 83, 'Actual Cumm. Prog', 'Penta', 2),
  (658, 2022, 8, 0.9977203569746467, 'cumulative_progress_actual', 83, 'Actual Cumm. Prog', 'Penta', 2),
  (659, 2022, 9, 0.9992869691813785, 'cumulative_progress_actual', 83, 'Actual Cumm. Prog', 'Penta', 2),
  (660, 2022, 10, 0.9997365056121569, 'cumulative_progress_actual', 83, 'Actual Cumm. Prog', 'Penta', 2),
  (661, 2022, 11, 0.9999999946280161, 'cumulative_progress_actual', 83, 'Actual Cumm. Prog', 'Penta', 2),
  (662, 2022, 12, 0.9999999946280161, 'cumulative_progress_actual', 83, 'Actual Cumm. Prog', 'Penta', 2),
  (663, 2023, 1, 0.9999999946280161, 'cumulative_progress_actual', 83, 'Actual Cumm. Prog', 'Penta', 2),
  (664, 2023, 2, 0.9999999946280161, 'cumulative_progress_actual', 83, 'Actual Cumm. Prog', 'Penta', 2),
  (665, 2023, 3, 0.9999999946280161, 'cumulative_progress_actual', 83, 'Actual Cumm. Prog', 'Penta', 2),
  (666, 2023, 4, 0.9999999946280161, 'cumulative_progress_actual', 83, 'Actual Cumm. Prog', 'Penta', 2),
  (667, 2023, 5, 0.9999999946280161, 'cumulative_progress_actual', 83, 'Actual Cumm. Prog', 'Penta', 2),
  (668, 2023, 6, 0.9999999946280161, 'cumulative_progress_actual', 83, 'Actual Cumm. Prog', 'Penta', 2),
  (669, 2023, 7, 0.9999999946280161, 'cumulative_progress_actual', 83, 'Actual Cumm. Prog', 'Penta', 2),
  (670, 2023, 8, 0.9999999946280161, 'cumulative_progress_actual', 83, 'Actual Cumm. Prog', 'Penta', 2),
  (671, 2023, 9, 0.9999999946280161, 'cumulative_progress_actual', 83, 'Actual Cumm. Prog', 'Penta', 2),
  (672, 2019, 4, 0.0, 'unknown_84', 84, 'Plan per Month', 'Penta', 2),
  (673, 2019, 5, 0.0004900712094408679, 'unknown_84', 84, 'Plan per Month', 'Penta', 2),
  (674, 2019, 6, 0.017231506432236823, 'unknown_84', 84, 'Plan per Month', 'Penta', 2),
  (675, 2019, 7, 0.022395111016176708, 'unknown_84', 84, 'Plan per Month', 'Penta', 2),
  (676, 2019, 8, 0.03128706746707415, 'unknown_84', 84, 'Plan per Month', 'Penta', 2),
  (677, 2019, 9, 0.026551470283110112, 'unknown_84', 84, 'Plan per Month', 'Penta', 2),
  (678, 2019, 10, 0.02662420500219273, 'unknown_84', 84, 'Plan per Month', 'Penta', 2),
  (679, 2019, 11, 0.04798659211474582, 'unknown_84', 84, 'Plan per Month', 'Penta', 2),
  (680, 2019, 12, 0.02702723454976408, 'unknown_84', 84, 'Plan per Month', 'Penta', 2),
  (681, 2020, 1, 0.026457572076450553, 'unknown_84', 84, 'Plan per Month', 'Penta', 2),
  (682, 2020, 2, 0.03239679462932368, 'unknown_84', 84, 'Plan per Month', 'Penta', 2),
  (683, 2020, 3, 0.12136767909578927, 'unknown_84', 84, 'Plan per Month', 'Penta', 2),
  (684, 2020, 4, 0.03294431912116064, 'unknown_84', 84, 'Plan per Month', 'Penta', 2),
  (685, 2020, 5, 0.03767668239068045, 'unknown_84', 84, 'Plan per Month', 'Penta', 2),
  (686, 2020, 6, 0.020623875497334465, 'unknown_84', 84, 'Plan per Month', 'Penta', 2),
  (687, 2020, 7, 0.04240985233834743, 'unknown_84', 84, 'Plan per Month', 'Penta', 2),
  (688, 2020, 8, 0.17788926948346917, 'unknown_84', 84, 'Plan per Month', 'Penta', 2),
  (689, 2020, 9, 0.00040041950024782835, 'unknown_84', 84, 'Plan per Month', 'Penta', 2),
  (690, 2020, 10, 0.007694203128907562, 'unknown_84', 84, 'Plan per Month', 'Penta', 2),
  (691, 2020, 11, 0.01776830453231837, 'unknown_84', 84, 'Plan per Month', 'Penta', 2),
  (692, 2020, 12, 0.051251214791992905, 'unknown_84', 84, 'Plan per Month', 'Penta', 2),
  (693, 2021, 1, 0.0015265553392364017, 'unknown_84', 84, 'Plan per Month', 'Penta', 2),
  (694, 2021, 2, 0.0050000000000000044, 'unknown_84', 84, 'Plan per Month', 'Penta', 2),
  (695, 2021, 3, 0.0050000000000000044, 'unknown_84', 84, 'Plan per Month', 'Penta', 2),
  (696, 2021, 4, 0.0050000000000000044, 'unknown_84', 84, 'Plan per Month', 'Penta', 2),
  (697, 2021, 5, 0.0050000000000000044, 'unknown_84', 84, 'Plan per Month', 'Penta', 2),
  (698, 2021, 6, 0.007618057838378656, 'unknown_84', 84, 'Plan per Month', 'Penta', 2),
  (699, 2021, 7, 0.0013819421616213523, 'unknown_84', 84, 'Plan per Month', 'Penta', 2),
  (700, 2021, 8, 0.0010000000000000009, 'unknown_84', 84, 'Plan per Month', 'Penta', 2);

INSERT INTO `tb_t_subcontractor_monthly` (`id`, `year`, `month`, `value`, `metric`, `excel_row`, `raw_label`, `subcontractor`, `subcontractor_id`) VALUES
  (701, 2021, 9, 0.0010000000000000009, 'unknown_84', 84, 'Plan per Month', 'Penta', 2),
  (702, 2021, 10, 0.0016344180225145166, 'unknown_84', 84, 'Plan per Month', 'Penta', 2),
  (703, 2021, 11, 0.008886679410226361, 'unknown_84', 84, 'Plan per Month', 'Penta', 2),
  (704, 2021, 12, 0.05339709394734826, 'unknown_84', 84, 'Plan per Month', 'Penta', 2),
  (705, 2022, 1, 0.07998350763051432, 'unknown_84', 84, 'Plan per Month', 'Penta', 2),
  (706, 2022, 2, 0.03822102303698871, 'unknown_84', 84, 'Plan per Month', 'Penta', 2),
  (707, 2022, 3, 0.015372989810725324, 'unknown_84', 84, 'Plan per Month', 'Penta', 2),
  (708, 2022, 4, 0.0013101384231171131, 'unknown_84', 84, 'Plan per Month', 'Penta', 2),
  (709, 2022, 5, 0.00016864517768711007, 'unknown_84', 84, 'Plan per Month', 'Penta', 2),
  (710, 2022, 6, 2.2913996324480657e-05, 'unknown_84', 84, 'Plan per Month', 'Penta', 2),
  (711, 2022, 7, 6.27047453960472e-08, 'unknown_84', 84, 'Plan per Month', 'Penta', 2),
  (712, 2022, 8, 8.732782847964415e-07, 'unknown_84', 84, 'Plan per Month', 'Penta', 2),
  (713, 2022, 9, 1.6491895397097167e-06, 'unknown_84', 84, 'Plan per Month', 'Penta', 2),
  (714, 2022, 10, 0.0, 'unknown_84', 84, 'Plan per Month', 'Penta', 2),
  (715, 2022, 11, 0.0, 'unknown_84', 84, 'Plan per Month', 'Penta', 2),
  (716, 2022, 12, 0.0, 'unknown_84', 84, 'Plan per Month', 'Penta', 2),
  (717, 2023, 1, 0.0, 'unknown_84', 84, 'Plan per Month', 'Penta', 2),
  (718, 2023, 2, 0.0, 'unknown_84', 84, 'Plan per Month', 'Penta', 2),
  (719, 2023, 3, 0.0, 'unknown_84', 84, 'Plan per Month', 'Penta', 2),
  (720, 2023, 4, 0.0, 'unknown_84', 84, 'Plan per Month', 'Penta', 2),
  (721, 2023, 5, 0.0, 'unknown_84', 84, 'Plan per Month', 'Penta', 2),
  (722, 2023, 6, 0.0, 'unknown_84', 84, 'Plan per Month', 'Penta', 2),
  (723, 2023, 7, 0.0, 'unknown_84', 84, 'Plan per Month', 'Penta', 2),
  (724, 2023, 8, 0.0, 'unknown_84', 84, 'Plan per Month', 'Penta', 2),
  (725, 2023, 9, 0.0, 'unknown_84', 84, 'Plan per Month', 'Penta', 2),
  (726, 2019, 4, 0.0, 'unknown_85', 85, 'Actual per Month', 'Penta', 2),
  (727, 2019, 5, 6.442253115131809e-05, 'unknown_85', 85, 'Actual per Month', 'Penta', 2),
  (728, 2019, 6, 0.004258856924835748, 'unknown_85', 85, 'Actual per Month', 'Penta', 2),
  (729, 2019, 7, 0.009783378430575473, 'unknown_85', 85, 'Actual per Month', 'Penta', 2),
  (730, 2019, 8, 0.015266563009332827, 'unknown_85', 85, 'Actual per Month', 'Penta', 2),
  (731, 2019, 9, 0.017831972844443964, 'unknown_85', 85, 'Actual per Month', 'Penta', 2),
  (732, 2019, 10, 0.018111081216137893, 'unknown_85', 85, 'Actual per Month', 'Penta', 2),
  (733, 2019, 11, 0.04084628827415676, 'unknown_85', 85, 'Actual per Month', 'Penta', 2),
  (734, 2019, 12, 0.049225668587434976, 'unknown_85', 85, 'Actual per Month', 'Penta', 2),
  (735, 2020, 1, 0.04724181849483561, 'unknown_85', 85, 'Actual per Month', 'Penta', 2),
  (736, 2020, 2, 0.05285063201668014, 'unknown_85', 85, 'Actual per Month', 'Penta', 2),
  (737, 2020, 3, 0.10587067607462519, 'unknown_85', 85, 'Actual per Month', 'Penta', 2),
  (738, 2020, 4, 0.03356776264072392, 'unknown_85', 85, 'Actual per Month', 'Penta', 2),
  (739, 2020, 5, 0.04361215180192268, 'unknown_85', 85, 'Actual per Month', 'Penta', 2),
  (740, 2020, 6, 0.048534858927548274, 'unknown_85', 85, 'Actual per Month', 'Penta', 2),
  (741, 2020, 7, 0.10892289768834301, 'unknown_85', 85, 'Actual per Month', 'Penta', 2),
  (742, 2020, 8, 0.11627665893551431, 'unknown_85', 85, 'Actual per Month', 'Penta', 2),
  (743, 2020, 9, 0.0008122976625158929, 'unknown_85', 85, 'Actual per Month', 'Penta', 2),
  (744, 2020, 10, 0.03129773119710155, 'unknown_85', 85, 'Actual per Month', 'Penta', 2),
  (745, 2020, 11, 0.001624282742120453, 'unknown_85', 85, 'Actual per Month', 'Penta', 2),
  (746, 2020, 12, 0.0010000000000000009, 'unknown_85', 85, 'Actual per Month', 'Penta', 2),
  (747, 2021, 1, 0.0010000000000000009, 'unknown_85', 85, 'Actual per Month', 'Penta', 2),
  (748, 2021, 2, 0.0010000000000000009, 'unknown_85', 85, 'Actual per Month', 'Penta', 2),
  (749, 2021, 3, 0.0010000000000000009, 'unknown_85', 85, 'Actual per Month', 'Penta', 2),
  (750, 2021, 4, 0.0013399739895477714, 'unknown_85', 85, 'Actual per Month', 'Penta', 2);

INSERT INTO `tb_t_subcontractor_monthly` (`id`, `year`, `month`, `value`, `metric`, `excel_row`, `raw_label`, `subcontractor`, `subcontractor_id`) VALUES
  (751, 2021, 5, 0.013644620421146336, 'unknown_85', 85, 'Actual per Month', 'Penta', 2),
  (752, 2021, 6, 0.007422684877159691, 'unknown_85', 85, 'Actual per Month', 'Penta', 2),
  (753, 2021, 7, 0.004385084244738269, 'unknown_85', 85, 'Actual per Month', 'Penta', 2),
  (754, 2021, 8, 0.0, 'unknown_85', 85, 'Actual per Month', 'Penta', 2),
  (755, 2021, 9, 0.004082720611754409, 'unknown_85', 85, 'Actual per Month', 'Penta', 2),
  (756, 2021, 10, 0.00912491585565356, 'unknown_85', 85, 'Actual per Month', 'Penta', 2),
  (757, 2021, 11, 0.019081271079569584, 'unknown_85', 85, 'Actual per Month', 'Penta', 2),
  (758, 2021, 12, 0.032809623383205255, 'unknown_85', 85, 'Actual per Month', 'Penta', 2),
  (759, 2022, 1, 0.037792048402711664, 'unknown_85', 85, 'Actual per Month', 'Penta', 2),
  (760, 2022, 2, 0.038629977269538096, 'unknown_85', 85, 'Actual per Month', 'Penta', 2),
  (761, 2022, 3, 0.02533229353853339, 'unknown_85', 85, 'Actual per Month', 'Penta', 2),
  (762, 2022, 4, 0.026328487653590416, 'unknown_85', 85, 'Actual per Month', 'Penta', 2),
  (763, 2022, 5, 0.011982304108793418, 'unknown_85', 85, 'Actual per Month', 'Penta', 2),
  (764, 2022, 6, 0.009216198200619918, 'unknown_85', 85, 'Actual per Month', 'Penta', 2),
  (765, 2022, 7, 0.004718622331770894, 'unknown_85', 85, 'Actual per Month', 'Penta', 2),
  (766, 2022, 8, 0.0018295310063140002, 'unknown_85', 85, 'Actual per Month', 'Penta', 2),
  (767, 2022, 9, 0.0015666122067318211, 'unknown_85', 85, 'Actual per Month', 'Penta', 2),
  (768, 2022, 10, 0.00044953643077838557, 'unknown_85', 85, 'Actual per Month', 'Penta', 2),
  (769, 2022, 11, 0.000263489015859264, 'unknown_85', 85, 'Actual per Month', 'Penta', 2),
  (770, 2022, 12, 0.0, 'unknown_85', 85, 'Actual per Month', 'Penta', 2),
  (771, 2023, 1, 0.0, 'unknown_85', 85, 'Actual per Month', 'Penta', 2),
  (772, 2023, 2, 0.0, 'unknown_85', 85, 'Actual per Month', 'Penta', 2),
  (773, 2023, 3, 0.0, 'unknown_85', 85, 'Actual per Month', 'Penta', 2),
  (774, 2023, 4, 0.0, 'unknown_85', 85, 'Actual per Month', 'Penta', 2),
  (775, 2023, 5, 0.0, 'unknown_85', 85, 'Actual per Month', 'Penta', 2),
  (776, 2023, 6, 0.0, 'unknown_85', 85, 'Actual per Month', 'Penta', 2),
  (777, 2023, 7, 0.0, 'unknown_85', 85, 'Actual per Month', 'Penta', 2),
  (778, 2023, 8, 0.0, 'unknown_85', 85, 'Actual per Month', 'Penta', 2),
  (779, 2023, 9, 0.0, 'unknown_85', 85, 'Actual per Month', 'Penta', 2),
  (780, 2019, 4, 0.0, 'achieved_manhours', 127, 'Achieved Mhrs', 'Daewoo', 3),
  (781, 2019, 5, 0.0, 'achieved_manhours', 127, 'Achieved Mhrs', 'Daewoo', 3),
  (782, 2019, 6, 0.0, 'achieved_manhours', 127, 'Achieved Mhrs', 'Daewoo', 3),
  (783, 2019, 7, 0.0, 'achieved_manhours', 127, 'Achieved Mhrs', 'Daewoo', 3),
  (784, 2019, 8, 0.0, 'achieved_manhours', 127, 'Achieved Mhrs', 'Daewoo', 3),
  (785, 2019, 9, 0.0, 'achieved_manhours', 127, 'Achieved Mhrs', 'Daewoo', 3),
  (786, 2019, 10, 6.234, 'achieved_manhours', 127, 'Achieved Mhrs', 'Daewoo', 3),
  (787, 2019, 11, 47.427, 'achieved_manhours', 127, 'Achieved Mhrs', 'Daewoo', 3),
  (788, 2019, 12, 26.578, 'achieved_manhours', 127, 'Achieved Mhrs', 'Daewoo', 3),
  (789, 2020, 1, 1.203, 'achieved_manhours', 127, 'Achieved Mhrs', 'Daewoo', 3),
  (790, 2020, 2, 819.8520000000001, 'achieved_manhours', 127, 'Achieved Mhrs', 'Daewoo', 3),
  (791, 2020, 3, 4045.2360000000003, 'achieved_manhours', 127, 'Achieved Mhrs', 'Daewoo', 3),
  (792, 2020, 4, 2955.531, 'achieved_manhours', 127, 'Achieved Mhrs', 'Daewoo', 3),
  (793, 2020, 5, 1036.042, 'achieved_manhours', 127, 'Achieved Mhrs', 'Daewoo', 3),
  (794, 2020, 6, 4047.313, 'achieved_manhours', 127, 'Achieved Mhrs', 'Daewoo', 3),
  (795, 2020, 7, 1858.213, 'achieved_manhours', 127, 'Achieved Mhrs', 'Daewoo', 3),
  (796, 2020, 8, 1481.137, 'achieved_manhours', 127, 'Achieved Mhrs', 'Daewoo', 3),
  (797, 2020, 9, 1755.763, 'achieved_manhours', 127, 'Achieved Mhrs', 'Daewoo', 3),
  (798, 2020, 10, 206.0, 'achieved_manhours', 127, 'Achieved Mhrs', 'Daewoo', 3),
  (799, 2020, 11, 0.0, 'achieved_manhours', 127, 'Achieved Mhrs', 'Daewoo', 3),
  (800, 2020, 12, 0.0, 'achieved_manhours', 127, 'Achieved Mhrs', 'Daewoo', 3);

INSERT INTO `tb_t_subcontractor_monthly` (`id`, `year`, `month`, `value`, `metric`, `excel_row`, `raw_label`, `subcontractor`, `subcontractor_id`) VALUES
  (801, 2021, 1, 0.0, 'achieved_manhours', 127, 'Achieved Mhrs', 'Daewoo', 3),
  (802, 2021, 2, 0.0, 'achieved_manhours', 127, 'Achieved Mhrs', 'Daewoo', 3),
  (803, 2021, 3, 0.0, 'achieved_manhours', 127, 'Achieved Mhrs', 'Daewoo', 3),
  (804, 2021, 4, 1056.9399999999998, 'achieved_manhours', 127, 'Achieved Mhrs', 'Daewoo', 3),
  (805, 2021, 5, 302.568, 'achieved_manhours', 127, 'Achieved Mhrs', 'Daewoo', 3),
  (806, 2021, 6, 321.062, 'achieved_manhours', 127, 'Achieved Mhrs', 'Daewoo', 3),
  (807, 2021, 7, 16.908, 'achieved_manhours', 127, 'Achieved Mhrs', 'Daewoo', 3),
  (808, 2021, 8, 0.0, 'achieved_manhours', 127, 'Achieved Mhrs', 'Daewoo', 3),
  (809, 2021, 9, 182.12599999999998, 'achieved_manhours', 127, 'Achieved Mhrs', 'Daewoo', 3),
  (810, 2021, 10, 85.525, 'achieved_manhours', 127, 'Achieved Mhrs', 'Daewoo', 3),
  (811, 2021, 11, 1904.7289999999998, 'achieved_manhours', 127, 'Achieved Mhrs', 'Daewoo', 3),
  (812, 2021, 12, 600.4549999999999, 'achieved_manhours', 127, 'Achieved Mhrs', 'Daewoo', 3),
  (813, 2022, 1, 0.0, 'achieved_manhours', 127, 'Achieved Mhrs', 'Daewoo', 3),
  (814, 2022, 2, 0.0, 'achieved_manhours', 127, 'Achieved Mhrs', 'Daewoo', 3),
  (815, 2022, 3, 0.0, 'achieved_manhours', 127, 'Achieved Mhrs', 'Daewoo', 3),
  (816, 2022, 4, 0.0, 'achieved_manhours', 127, 'Achieved Mhrs', 'Daewoo', 3),
  (817, 2022, 5, 0.0, 'achieved_manhours', 127, 'Achieved Mhrs', 'Daewoo', 3),
  (818, 2022, 6, 0.0, 'achieved_manhours', 127, 'Achieved Mhrs', 'Daewoo', 3),
  (819, 2022, 7, 0.0, 'achieved_manhours', 127, 'Achieved Mhrs', 'Daewoo', 3),
  (820, 2022, 8, 0.0, 'achieved_manhours', 127, 'Achieved Mhrs', 'Daewoo', 3),
  (821, 2022, 9, 5.407, 'achieved_manhours', 127, 'Achieved Mhrs', 'Daewoo', 3),
  (822, 2022, 10, 0.465, 'achieved_manhours', 127, 'Achieved Mhrs', 'Daewoo', 3),
  (823, 2022, 11, 7.037, 'achieved_manhours', 127, 'Achieved Mhrs', 'Daewoo', 3),
  (824, 2022, 12, 0.0, 'achieved_manhours', 127, 'Achieved Mhrs', 'Daewoo', 3),
  (825, 2023, 1, 0.0, 'achieved_manhours', 127, 'Achieved Mhrs', 'Daewoo', 3),
  (826, 2023, 2, 0.0, 'achieved_manhours', 127, 'Achieved Mhrs', 'Daewoo', 3),
  (827, 2023, 3, 0.0, 'achieved_manhours', 127, 'Achieved Mhrs', 'Daewoo', 3),
  (828, 2023, 4, 0.0, 'achieved_manhours', 127, 'Achieved Mhrs', 'Daewoo', 3),
  (829, 2023, 5, 0.0, 'achieved_manhours', 127, 'Achieved Mhrs', 'Daewoo', 3),
  (830, 2023, 6, 0.0, 'achieved_manhours', 127, 'Achieved Mhrs', 'Daewoo', 3),
  (831, 2020, 9, 2.68364956, 'invoice_value_musd', 128, 'Invoice Value (MUSD)', 'Daewoo', 3),
  (832, 2020, 10, 3.9369341199999996, 'invoice_value_musd', 128, 'Invoice Value (MUSD)', 'Daewoo', 3),
  (833, 2020, 11, 3.50787737, 'invoice_value_musd', 128, 'Invoice Value (MUSD)', 'Daewoo', 3),
  (834, 2020, 12, 0.42871751, 'invoice_value_musd', 128, 'Invoice Value (MUSD)', 'Daewoo', 3),
  (835, 2021, 1, 0.88331197, 'invoice_value_musd', 128, 'Invoice Value (MUSD)', 'Daewoo', 3),
  (836, 2021, 2, 0.0, 'invoice_value_musd', 128, 'Invoice Value (MUSD)', 'Daewoo', 3),
  (837, 2021, 3, 2.5964040099999997, 'invoice_value_musd', 128, 'Invoice Value (MUSD)', 'Daewoo', 3),
  (838, 2021, 4, 3.6364715800000003, 'invoice_value_musd', 128, 'Invoice Value (MUSD)', 'Daewoo', 3),
  (839, 2021, 5, 4.62866371, 'invoice_value_musd', 128, 'Invoice Value (MUSD)', 'Daewoo', 3),
  (840, 2021, 6, 0.40461931, 'invoice_value_musd', 128, 'Invoice Value (MUSD)', 'Daewoo', 3),
  (841, 2021, 7, 0.14871022, 'invoice_value_musd', 128, 'Invoice Value (MUSD)', 'Daewoo', 3),
  (842, 2021, 8, 0.0, 'invoice_value_musd', 128, 'Invoice Value (MUSD)', 'Daewoo', 3),
  (843, 2021, 9, 4.74733489, 'invoice_value_musd', 128, 'Invoice Value (MUSD)', 'Daewoo', 3),
  (844, 2021, 10, 0.90799423, 'invoice_value_musd', 128, 'Invoice Value (MUSD)', 'Daewoo', 3),
  (845, 2021, 11, 0.0, 'invoice_value_musd', 128, 'Invoice Value (MUSD)', 'Daewoo', 3),
  (846, 2021, 12, 6.25629491, 'invoice_value_musd', 128, 'Invoice Value (MUSD)', 'Daewoo', 3),
  (847, 2022, 1, 4.47338008, 'invoice_value_musd', 128, 'Invoice Value (MUSD)', 'Daewoo', 3),
  (848, 2022, 2, 4.37234184, 'invoice_value_musd', 128, 'Invoice Value (MUSD)', 'Daewoo', 3),
  (849, 2022, 3, 9.14659311, 'invoice_value_musd', 128, 'Invoice Value (MUSD)', 'Daewoo', 3),
  (850, 2022, 4, 10.641315079999998, 'invoice_value_musd', 128, 'Invoice Value (MUSD)', 'Daewoo', 3);

INSERT INTO `tb_t_subcontractor_monthly` (`id`, `year`, `month`, `value`, `metric`, `excel_row`, `raw_label`, `subcontractor`, `subcontractor_id`) VALUES
  (851, 2022, 5, 5.89164014, 'invoice_value_musd', 128, 'Invoice Value (MUSD)', 'Daewoo', 3),
  (852, 2022, 6, 5.9930340499999994, 'invoice_value_musd', 128, 'Invoice Value (MUSD)', 'Daewoo', 3),
  (853, 2022, 7, 4.86362053, 'invoice_value_musd', 128, 'Invoice Value (MUSD)', 'Daewoo', 3),
  (854, 2022, 8, 8.379679269999999, 'invoice_value_musd', 128, 'Invoice Value (MUSD)', 'Daewoo', 3),
  (855, 2022, 9, 9.82428751, 'invoice_value_musd', 128, 'Invoice Value (MUSD)', 'Daewoo', 3),
  (856, 2022, 10, 0.84878966, 'invoice_value_musd', 128, 'Invoice Value (MUSD)', 'Daewoo', 3),
  (857, 2022, 11, 8.67360111, 'invoice_value_musd', 128, 'Invoice Value (MUSD)', 'Daewoo', 3),
  (858, 2022, 12, 5.32303715, 'invoice_value_musd', 128, 'Invoice Value (MUSD)', 'Daewoo', 3),
  (859, 2023, 1, 4.618864889999999, 'invoice_value_musd', 128, 'Invoice Value (MUSD)', 'Daewoo', 3),
  (860, 2023, 2, 0.0, 'invoice_value_musd', 128, 'Invoice Value (MUSD)', 'Daewoo', 3),
  (861, 2023, 3, 2.46472996, 'invoice_value_musd', 128, 'Invoice Value (MUSD)', 'Daewoo', 3),
  (862, 2023, 4, 4.87032221, 'invoice_value_musd', 128, 'Invoice Value (MUSD)', 'Daewoo', 3),
  (863, 2023, 5, 1.07200669, 'invoice_value_musd', 128, 'Invoice Value (MUSD)', 'Daewoo', 3),
  (864, 2023, 6, 3.34428165, 'invoice_value_musd', 128, 'Invoice Value (MUSD)', 'Daewoo', 3),
  (865, 2023, 7, 0.7229730400000001, 'invoice_value_musd', 128, 'Invoice Value (MUSD)', 'Daewoo', 3),
  (866, 2020, 9, 2.300271050501721, 'actual_vowd_musd', 129, 'Actual/VOWD', 'Daewoo', 3),
  (867, 2020, 10, 4.330372956987475, 'actual_vowd_musd', 129, 'Actual/VOWD', 'Daewoo', 3),
  (868, 2020, 11, 3.848491210152054, 'actual_vowd_musd', 129, 'Actual/VOWD', 'Daewoo', 3),
  (869, 2020, 12, 1.5070522922859444, 'actual_vowd_musd', 129, 'Actual/VOWD', 'Daewoo', 3),
  (870, 2021, 1, 0.0, 'actual_vowd_musd', 129, 'Actual/VOWD', 'Daewoo', 3),
  (871, 2021, 2, 0.472338800000004, 'actual_vowd_musd', 129, 'Actual/VOWD', 'Daewoo', 3),
  (872, 2021, 3, 2.5307893702343804, 'actual_vowd_musd', 129, 'Actual/VOWD', 'Daewoo', 3),
  (873, 2021, 4, 3.6144778257713326, 'actual_vowd_musd', 129, 'Actual/VOWD', 'Daewoo', 3),
  (874, 2021, 5, 5.060758707509412, 'actual_vowd_musd', 129, 'Actual/VOWD', 'Daewoo', 3),
  (875, 2021, 6, 3.2272572028982576, 'actual_vowd_musd', 129, 'Actual/VOWD', 'Daewoo', 3),
  (876, 2021, 7, 1.7218754558499962, 'actual_vowd_musd', 129, 'Actual/VOWD', 'Daewoo', 3),
  (877, 2021, 8, 0.7975596362671215, 'actual_vowd_musd', 129, 'Actual/VOWD', 'Daewoo', 3),
  (878, 2021, 9, 3.433981651665568, 'actual_vowd_musd', 129, 'Actual/VOWD', 'Daewoo', 3),
  (879, 2021, 10, 3.106388699529407, 'actual_vowd_musd', 129, 'Actual/VOWD', 'Daewoo', 3),
  (880, 2021, 11, 4.230238020530286, 'actual_vowd_musd', 129, 'Actual/VOWD', 'Daewoo', 3),
  (881, 2021, 12, 4.736791668023141, 'actual_vowd_musd', 129, 'Actual/VOWD', 'Daewoo', 3),
  (882, 2022, 1, 4.67084147741815, 'actual_vowd_musd', 129, 'Actual/VOWD', 'Daewoo', 3),
  (883, 2022, 2, 4.426765544003956, 'actual_vowd_musd', 129, 'Actual/VOWD', 'Daewoo', 3),
  (884, 2022, 3, 10.203582052192367, 'actual_vowd_musd', 129, 'Actual/VOWD', 'Daewoo', 3),
  (885, 2022, 4, 5.307300582440998, 'actual_vowd_musd', 129, 'Actual/VOWD', 'Daewoo', 3),
  (886, 2022, 5, 6.593280044222, 'actual_vowd_musd', 129, 'Actual/VOWD', 'Daewoo', 3),
  (887, 2022, 6, 5.702041814426866, 'actual_vowd_musd', 129, 'Actual/VOWD', 'Daewoo', 3),
  (888, 2022, 7, 5.848942083870646, 'actual_vowd_musd', 129, 'Actual/VOWD', 'Daewoo', 3),
  (889, 2022, 8, 8.883026266306173, 'actual_vowd_musd', 129, 'Actual/VOWD', 'Daewoo', 3),
  (890, 2022, 9, 9.146390012189197, 'actual_vowd_musd', 129, 'Actual/VOWD', 'Daewoo', 3),
  (891, 2022, 10, 3.8420687211001243, 'actual_vowd_musd', 129, 'Actual/VOWD', 'Daewoo', 3),
  (892, 2022, 11, 4.654425980910423, 'actual_vowd_musd', 129, 'Actual/VOWD', 'Daewoo', 3),
  (893, 2022, 12, 5.824868098436968, 'actual_vowd_musd', 129, 'Actual/VOWD', 'Daewoo', 3),
  (894, 2023, 1, 1.1459900780099612, 'actual_vowd_musd', 129, 'Actual/VOWD', 'Daewoo', 3),
  (895, 2023, 2, 0.8669267187292171, 'actual_vowd_musd', 129, 'Actual/VOWD', 'Daewoo', 3),
  (896, 2023, 3, 2.0620963395898277, 'actual_vowd_musd', 129, 'Actual/VOWD', 'Daewoo', 3),
  (897, 2023, 4, 2.3702276807353773, 'actual_vowd_musd', 129, 'Actual/VOWD', 'Daewoo', 3),
  (898, 2023, 5, 0.8565182206862971, 'actual_vowd_musd', 129, 'Actual/VOWD', 'Daewoo', 3),
  (899, 2023, 6, 3.8411109696008205, 'actual_vowd_musd', 129, 'Actual/VOWD', 'Daewoo', 3),
  (900, 2023, 7, 0.18831430940965355, 'actual_vowd_musd', 129, 'Actual/VOWD', 'Daewoo', 3);

INSERT INTO `tb_t_subcontractor_monthly` (`id`, `year`, `month`, `value`, `metric`, `excel_row`, `raw_label`, `subcontractor`, `subcontractor_id`) VALUES
  (901, 2023, 8, 0.0, 'actual_vowd_musd', 129, 'Actual/VOWD', 'Daewoo', 3),
  (902, 2019, 12, 47.0, 'pob_plan', 130, 'Plan POB', 'Daewoo', 3),
  (903, 2020, 1, 228.0, 'pob_plan', 130, 'Plan POB', 'Daewoo', 3),
  (904, 2020, 2, 269.0, 'pob_plan', 130, 'Plan POB', 'Daewoo', 3),
  (905, 2020, 3, 334.0, 'pob_plan', 130, 'Plan POB', 'Daewoo', 3),
  (906, 2019, 6, 6.0, 'pob_actual', 131, 'Actual POB', 'Daewoo', 3),
  (907, 2019, 7, 6.0, 'pob_actual', 131, 'Actual POB', 'Daewoo', 3),
  (908, 2019, 8, 6.0, 'pob_actual', 131, 'Actual POB', 'Daewoo', 3),
  (909, 2019, 9, 6.0, 'pob_actual', 131, 'Actual POB', 'Daewoo', 3),
  (910, 2019, 10, 10.333333333333334, 'pob_actual', 131, 'Actual POB', 'Daewoo', 3),
  (911, 2019, 11, 11.333333333333334, 'pob_actual', 131, 'Actual POB', 'Daewoo', 3),
  (912, 2019, 12, 39.0, 'pob_actual', 131, 'Actual POB', 'Daewoo', 3),
  (913, 2020, 1, 189.5, 'pob_actual', 131, 'Actual POB', 'Daewoo', 3),
  (914, 2020, 2, 448.6666666666667, 'pob_actual', 131, 'Actual POB', 'Daewoo', 3),
  (915, 2020, 3, 569.6666666666666, 'pob_actual', 131, 'Actual POB', 'Daewoo', 3),
  (916, 2020, 4, 526.9333333333333, 'pob_actual', 131, 'Actual POB', 'Daewoo', 3),
  (917, 2020, 5, 534.3666666666667, 'pob_actual', 131, 'Actual POB', 'Daewoo', 3),
  (918, 2020, 6, 512.0, 'pob_actual', 131, 'Actual POB', 'Daewoo', 3),
  (919, 2020, 7, 521.5, 'pob_actual', 131, 'Actual POB', 'Daewoo', 3),
  (920, 2020, 8, 537.4, 'pob_actual', 131, 'Actual POB', 'Daewoo', 3),
  (921, 2020, 9, 556.2, 'pob_actual', 131, 'Actual POB', 'Daewoo', 3),
  (922, 2020, 10, 601.0, 'pob_actual', 131, 'Actual POB', 'Daewoo', 3),
  (923, 2020, 11, 599.3333333333334, 'pob_actual', 131, 'Actual POB', 'Daewoo', 3),
  (924, 2020, 12, 526.5333333333333, 'pob_actual', 131, 'Actual POB', 'Daewoo', 3),
  (925, 2021, 1, 42.53333333333333, 'pob_actual', 131, 'Actual POB', 'Daewoo', 3),
  (926, 2021, 2, 151.83333333333334, 'pob_actual', 131, 'Actual POB', 'Daewoo', 3),
  (927, 2021, 3, 421.26666666666665, 'pob_actual', 131, 'Actual POB', 'Daewoo', 3),
  (928, 2021, 4, 611.0666666666667, 'pob_actual', 131, 'Actual POB', 'Daewoo', 3),
  (929, 2021, 5, 731.9666666666667, 'pob_actual', 131, 'Actual POB', 'Daewoo', 3),
  (930, 2021, 6, 722.4666666666667, 'pob_actual', 131, 'Actual POB', 'Daewoo', 3),
  (931, 2021, 7, 745.7333333333333, 'pob_actual', 131, 'Actual POB', 'Daewoo', 3),
  (932, 2021, 8, 727.9, 'pob_actual', 131, 'Actual POB', 'Daewoo', 3),
  (933, 2021, 9, 701.9666666666667, 'pob_actual', 131, 'Actual POB', 'Daewoo', 3),
  (934, 2021, 10, 730.1, 'pob_actual', 131, 'Actual POB', 'Daewoo', 3),
  (935, 2021, 11, 831.0, 'pob_actual', 131, 'Actual POB', 'Daewoo', 3),
  (936, 2021, 12, 942.3666666666667, 'pob_actual', 131, 'Actual POB', 'Daewoo', 3),
  (937, 2022, 1, 971.7333333333333, 'pob_actual', 131, 'Actual POB', 'Daewoo', 3),
  (938, 2022, 2, 880.9666666666667, 'pob_actual', 131, 'Actual POB', 'Daewoo', 3),
  (939, 2022, 3, 999.8, 'pob_actual', 131, 'Actual POB', 'Daewoo', 3),
  (940, 2022, 4, 1027.4333333333334, 'pob_actual', 131, 'Actual POB', 'Daewoo', 3),
  (941, 2022, 5, 1080.2666666666667, 'pob_actual', 131, 'Actual POB', 'Daewoo', 3),
  (942, 2022, 6, 1038.3333333333333, 'pob_actual', 131, 'Actual POB', 'Daewoo', 3),
  (943, 2022, 7, 1166.1333333333334, 'pob_actual', 131, 'Actual POB', 'Daewoo', 3),
  (944, 2022, 8, 1148.4333333333334, 'pob_actual', 131, 'Actual POB', 'Daewoo', 3),
  (945, 2022, 9, 1032.5333333333333, 'pob_actual', 131, 'Actual POB', 'Daewoo', 3),
  (946, 2022, 10, 889.2, 'pob_actual', 131, 'Actual POB', 'Daewoo', 3),
  (947, 2022, 11, 489.6333333333333, 'pob_actual', 131, 'Actual POB', 'Daewoo', 3),
  (948, 2022, 12, 274.1, 'pob_actual', 131, 'Actual POB', 'Daewoo', 3),
  (949, 2023, 1, 209.0, 'pob_actual', 131, 'Actual POB', 'Daewoo', 3),
  (950, 2023, 2, 159.73333333333332, 'pob_actual', 131, 'Actual POB', 'Daewoo', 3);

INSERT INTO `tb_t_subcontractor_monthly` (`id`, `year`, `month`, `value`, `metric`, `excel_row`, `raw_label`, `subcontractor`, `subcontractor_id`) VALUES
  (951, 2023, 3, 146.4, 'pob_actual', 131, 'Actual POB', 'Daewoo', 3),
  (952, 2023, 4, 112.43333333333334, 'pob_actual', 131, 'Actual POB', 'Daewoo', 3),
  (953, 2023, 5, 106.43333333333334, 'pob_actual', 131, 'Actual POB', 'Daewoo', 3),
  (954, 2023, 6, 74.13333333333334, 'pob_actual', 131, 'Actual POB', 'Daewoo', 3),
  (955, 2023, 7, 9.210526315789474, 'pob_actual', 131, 'Actual POB', 'Daewoo', 3),
  (956, 2023, 8, 1.0, 'pob_actual', 131, 'Actual POB', 'Daewoo', 3),
  (957, 2019, 4, 0.0, 'cumulative_progress_plan', 132, 'Plan Cumm.Prog', 'Daewoo', 3),
  (958, 2019, 5, 0.001632317138946132, 'cumulative_progress_plan', 132, 'Plan Cumm.Prog', 'Daewoo', 3),
  (959, 2019, 6, 0.04362483111917456, 'cumulative_progress_plan', 132, 'Plan Cumm.Prog', 'Daewoo', 3),
  (960, 2019, 7, 0.049906123627106454, 'cumulative_progress_plan', 132, 'Plan Cumm.Prog', 'Daewoo', 3),
  (961, 2019, 8, 0.07092501697483945, 'cumulative_progress_plan', 132, 'Plan Cumm.Prog', 'Daewoo', 3),
  (962, 2019, 9, 0.11835593380728796, 'cumulative_progress_plan', 132, 'Plan Cumm.Prog', 'Daewoo', 3),
  (963, 2019, 10, 0.12303915392241495, 'cumulative_progress_plan', 132, 'Plan Cumm.Prog', 'Daewoo', 3),
  (964, 2019, 11, 0.12587565096173503, 'cumulative_progress_plan', 132, 'Plan Cumm.Prog', 'Daewoo', 3),
  (965, 2019, 12, 0.12764274897031452, 'cumulative_progress_plan', 132, 'Plan Cumm.Prog', 'Daewoo', 3),
  (966, 2020, 1, 0.14895285961314625, 'cumulative_progress_plan', 132, 'Plan Cumm.Prog', 'Daewoo', 3),
  (967, 2020, 2, 0.1773934261666771, 'cumulative_progress_plan', 132, 'Plan Cumm.Prog', 'Daewoo', 3),
  (968, 2020, 3, 0.39763288872107744, 'cumulative_progress_plan', 132, 'Plan Cumm.Prog', 'Daewoo', 3),
  (969, 2020, 4, 0.440448817524313, 'cumulative_progress_plan', 132, 'Plan Cumm.Prog', 'Daewoo', 3),
  (970, 2020, 5, 0.4851041691589698, 'cumulative_progress_plan', 132, 'Plan Cumm.Prog', 'Daewoo', 3),
  (971, 2020, 6, 0.5045245557517709, 'cumulative_progress_plan', 132, 'Plan Cumm.Prog', 'Daewoo', 3),
  (972, 2020, 7, 0.5312061505467528, 'cumulative_progress_plan', 132, 'Plan Cumm.Prog', 'Daewoo', 3),
  (973, 2020, 8, 0.6666539323484106, 'cumulative_progress_plan', 132, 'Plan Cumm.Prog', 'Daewoo', 3),
  (974, 2020, 9, 0.6689524352349386, 'cumulative_progress_plan', 132, 'Plan Cumm.Prog', 'Daewoo', 3),
  (975, 2020, 10, 0.6757395874715388, 'cumulative_progress_plan', 132, 'Plan Cumm.Prog', 'Daewoo', 3),
  (976, 2020, 11, 0.7216379756953734, 'cumulative_progress_plan', 132, 'Plan Cumm.Prog', 'Daewoo', 3),
  (977, 2020, 12, 0.7525430504179911, 'cumulative_progress_plan', 132, 'Plan Cumm.Prog', 'Daewoo', 3),
  (978, 2021, 1, 0.8178158835105959, 'cumulative_progress_plan', 132, 'Plan Cumm.Prog', 'Daewoo', 3),
  (979, 2021, 2, 0.819, 'cumulative_progress_plan', 132, 'Plan Cumm.Prog', 'Daewoo', 3),
  (980, 2021, 3, 0.82, 'cumulative_progress_plan', 132, 'Plan Cumm.Prog', 'Daewoo', 3),
  (981, 2021, 4, 0.822, 'cumulative_progress_plan', 132, 'Plan Cumm.Prog', 'Daewoo', 3),
  (982, 2021, 5, 0.824, 'cumulative_progress_plan', 132, 'Plan Cumm.Prog', 'Daewoo', 3),
  (983, 2021, 6, 0.8245224282720841, 'cumulative_progress_plan', 132, 'Plan Cumm.Prog', 'Daewoo', 3),
  (984, 2021, 7, 0.8546014759360645, 'cumulative_progress_plan', 132, 'Plan Cumm.Prog', 'Daewoo', 3),
  (985, 2021, 8, 0.8818792022858097, 'cumulative_progress_plan', 132, 'Plan Cumm.Prog', 'Daewoo', 3),
  (986, 2021, 9, 0.884, 'cumulative_progress_plan', 132, 'Plan Cumm.Prog', 'Daewoo', 3),
  (987, 2021, 10, 0.8852863854936255, 'cumulative_progress_plan', 132, 'Plan Cumm.Prog', 'Daewoo', 3),
  (988, 2021, 11, 0.888213126695642, 'cumulative_progress_plan', 132, 'Plan Cumm.Prog', 'Daewoo', 3),
  (989, 2021, 12, 0.9035720904647958, 'cumulative_progress_plan', 132, 'Plan Cumm.Prog', 'Daewoo', 3),
  (990, 2022, 1, 0.9326368381106092, 'cumulative_progress_plan', 132, 'Plan Cumm.Prog', 'Daewoo', 3),
  (991, 2022, 2, 0.968490474145906, 'cumulative_progress_plan', 132, 'Plan Cumm.Prog', 'Daewoo', 3),
  (992, 2022, 3, 0.9922114934225063, 'cumulative_progress_plan', 132, 'Plan Cumm.Prog', 'Daewoo', 3),
  (993, 2022, 4, 0.9993501770054803, 'cumulative_progress_plan', 132, 'Plan Cumm.Prog', 'Daewoo', 3),
  (994, 2022, 5, 0.9996575901355065, 'cumulative_progress_plan', 132, 'Plan Cumm.Prog', 'Daewoo', 3),
  (995, 2022, 6, 0.9999999870642454, 'cumulative_progress_plan', 132, 'Plan Cumm.Prog', 'Daewoo', 3),
  (996, 2022, 7, 0.9999999870642454, 'cumulative_progress_plan', 132, 'Plan Cumm.Prog', 'Daewoo', 3),
  (997, 2022, 8, 0.9999999870642454, 'cumulative_progress_plan', 132, 'Plan Cumm.Prog', 'Daewoo', 3),
  (998, 2022, 9, 0.9999999922904133, 'cumulative_progress_plan', 132, 'Plan Cumm.Prog', 'Daewoo', 3),
  (999, 2022, 10, 0.9999999922904133, 'cumulative_progress_plan', 132, 'Plan Cumm.Prog', 'Daewoo', 3),
  (1000, 2022, 11, 0.9999999922904133, 'cumulative_progress_plan', 132, 'Plan Cumm.Prog', 'Daewoo', 3);

INSERT INTO `tb_t_subcontractor_monthly` (`id`, `year`, `month`, `value`, `metric`, `excel_row`, `raw_label`, `subcontractor`, `subcontractor_id`) VALUES
  (1001, 2022, 12, 0.9999999922904133, 'cumulative_progress_plan', 132, 'Plan Cumm.Prog', 'Daewoo', 3),
  (1002, 2023, 1, 0.9999999922904133, 'cumulative_progress_plan', 132, 'Plan Cumm.Prog', 'Daewoo', 3),
  (1003, 2023, 2, 0.9999999922904133, 'cumulative_progress_plan', 132, 'Plan Cumm.Prog', 'Daewoo', 3),
  (1004, 2023, 3, 0.9999999922904133, 'cumulative_progress_plan', 132, 'Plan Cumm.Prog', 'Daewoo', 3),
  (1005, 2023, 4, 0.9999999922904133, 'cumulative_progress_plan', 132, 'Plan Cumm.Prog', 'Daewoo', 3),
  (1006, 2023, 5, 0.9999999922904133, 'cumulative_progress_plan', 132, 'Plan Cumm.Prog', 'Daewoo', 3),
  (1007, 2023, 6, 0.9999999922904133, 'cumulative_progress_plan', 132, 'Plan Cumm.Prog', 'Daewoo', 3),
  (1008, 2023, 7, 0.9999999922904133, 'cumulative_progress_plan', 132, 'Plan Cumm.Prog', 'Daewoo', 3),
  (1009, 2023, 8, 0.9999999922904133, 'cumulative_progress_plan', 132, 'Plan Cumm.Prog', 'Daewoo', 3),
  (1010, 2023, 9, 0.9999999922904133, 'cumulative_progress_plan', 132, 'Plan Cumm.Prog', 'Daewoo', 3),
  (1011, 2019, 4, 0.0, 'cumulative_progress_actual', 133, 'Actual Cumm. Prog', 'Daewoo', 3),
  (1012, 2019, 5, 0.0, 'cumulative_progress_actual', 133, 'Actual Cumm. Prog', 'Daewoo', 3),
  (1013, 2019, 6, 0.0, 'cumulative_progress_actual', 133, 'Actual Cumm. Prog', 'Daewoo', 3),
  (1014, 2019, 7, 0.0, 'cumulative_progress_actual', 133, 'Actual Cumm. Prog', 'Daewoo', 3),
  (1015, 2019, 8, 0.0, 'cumulative_progress_actual', 133, 'Actual Cumm. Prog', 'Daewoo', 3),
  (1016, 2019, 9, 0.0, 'cumulative_progress_actual', 133, 'Actual Cumm. Prog', 'Daewoo', 3),
  (1017, 2019, 10, 0.01242875268717643, 'cumulative_progress_actual', 133, 'Actual Cumm. Prog', 'Daewoo', 3),
  (1018, 2019, 11, 0.03588480437971506, 'cumulative_progress_actual', 133, 'Actual Cumm. Prog', 'Daewoo', 3),
  (1019, 2019, 12, 0.05797453406963633, 'cumulative_progress_actual', 133, 'Actual Cumm. Prog', 'Daewoo', 3),
  (1020, 2020, 1, 0.08473772435028917, 'cumulative_progress_actual', 133, 'Actual Cumm. Prog', 'Daewoo', 3),
  (1021, 2020, 2, 0.17458591620743083, 'cumulative_progress_actual', 133, 'Actual Cumm. Prog', 'Daewoo', 3),
  (1022, 2020, 3, 0.27693125586696854, 'cumulative_progress_actual', 133, 'Actual Cumm. Prog', 'Daewoo', 3),
  (1023, 2020, 4, 0.3454640207207465, 'cumulative_progress_actual', 133, 'Actual Cumm. Prog', 'Daewoo', 3),
  (1024, 2020, 5, 0.44576645063834175, 'cumulative_progress_actual', 133, 'Actual Cumm. Prog', 'Daewoo', 3),
  (1025, 2020, 6, 0.5405629447565271, 'cumulative_progress_actual', 133, 'Actual Cumm. Prog', 'Daewoo', 3),
  (1026, 2020, 7, 0.6201077038855167, 'cumulative_progress_actual', 133, 'Actual Cumm. Prog', 'Daewoo', 3),
  (1027, 2020, 8, 0.6898585214638571, 'cumulative_progress_actual', 133, 'Actual Cumm. Prog', 'Daewoo', 3),
  (1028, 2020, 9, 0.7189584599377987, 'cumulative_progress_actual', 133, 'Actual Cumm. Prog', 'Daewoo', 3),
  (1029, 2020, 10, 0.7792085625930546, 'cumulative_progress_actual', 133, 'Actual Cumm. Prog', 'Daewoo', 3),
  (1030, 2020, 11, 0.8530257146728382, 'cumulative_progress_actual', 133, 'Actual Cumm. Prog', 'Daewoo', 3),
  (1031, 2020, 12, 0.8532141812691615, 'cumulative_progress_actual', 133, 'Actual Cumm. Prog', 'Daewoo', 3),
  (1032, 2021, 1, 0.8532141812691615, 'cumulative_progress_actual', 133, 'Actual Cumm. Prog', 'Daewoo', 3),
  (1033, 2021, 2, 0.8532832407697262, 'cumulative_progress_actual', 133, 'Actual Cumm. Prog', 'Daewoo', 3),
  (1034, 2021, 3, 0.857, 'cumulative_progress_actual', 133, 'Actual Cumm. Prog', 'Daewoo', 3),
  (1035, 2021, 4, 0.865, 'cumulative_progress_actual', 133, 'Actual Cumm. Prog', 'Daewoo', 3),
  (1036, 2021, 5, 0.867, 'cumulative_progress_actual', 133, 'Actual Cumm. Prog', 'Daewoo', 3),
  (1037, 2021, 6, 0.8690305244217029, 'cumulative_progress_actual', 133, 'Actual Cumm. Prog', 'Daewoo', 3),
  (1038, 2021, 7, 0.8748985867125921, 'cumulative_progress_actual', 133, 'Actual Cumm. Prog', 'Daewoo', 3),
  (1039, 2021, 8, 0.8748985867125921, 'cumulative_progress_actual', 133, 'Actual Cumm. Prog', 'Daewoo', 3),
  (1040, 2021, 9, 0.8776693498420101, 'cumulative_progress_actual', 133, 'Actual Cumm. Prog', 'Daewoo', 3),
  (1041, 2021, 10, 0.879, 'cumulative_progress_actual', 133, 'Actual Cumm. Prog', 'Daewoo', 3),
  (1042, 2021, 11, 0.8895267214531115, 'cumulative_progress_actual', 133, 'Actual Cumm. Prog', 'Daewoo', 3),
  (1043, 2021, 12, 0.9052681420303144, 'cumulative_progress_actual', 133, 'Actual Cumm. Prog', 'Daewoo', 3),
  (1044, 2022, 1, 0.9339407665405335, 'cumulative_progress_actual', 133, 'Actual Cumm. Prog', 'Daewoo', 3),
  (1045, 2022, 2, 0.9674529524721243, 'cumulative_progress_actual', 133, 'Actual Cumm. Prog', 'Daewoo', 3),
  (1046, 2022, 3, 0.9752864121578574, 'cumulative_progress_actual', 133, 'Actual Cumm. Prog', 'Daewoo', 3),
  (1047, 2022, 4, 0.9864416637694667, 'cumulative_progress_actual', 133, 'Actual Cumm. Prog', 'Daewoo', 3),
  (1048, 2022, 5, 0.9929855862738636, 'cumulative_progress_actual', 133, 'Actual Cumm. Prog', 'Daewoo', 3),
  (1049, 2022, 6, 0.9963690551592039, 'cumulative_progress_actual', 133, 'Actual Cumm. Prog', 'Daewoo', 3),
  (1050, 2022, 7, 0.9969620944231873, 'cumulative_progress_actual', 133, 'Actual Cumm. Prog', 'Daewoo', 3);

INSERT INTO `tb_t_subcontractor_monthly` (`id`, `year`, `month`, `value`, `metric`, `excel_row`, `raw_label`, `subcontractor`, `subcontractor_id`) VALUES
  (1051, 2022, 8, 0.9978012210172869, 'cumulative_progress_actual', 133, 'Actual Cumm. Prog', 'Daewoo', 3),
  (1052, 2022, 9, 0.9990587768029311, 'cumulative_progress_actual', 133, 'Actual Cumm. Prog', 'Daewoo', 3),
  (1053, 2022, 10, 0.9996955933603251, 'cumulative_progress_actual', 133, 'Actual Cumm. Prog', 'Daewoo', 3),
  (1054, 2022, 11, 0.9999999922904133, 'cumulative_progress_actual', 133, 'Actual Cumm. Prog', 'Daewoo', 3),
  (1055, 2022, 12, 0.9999999922904133, 'cumulative_progress_actual', 133, 'Actual Cumm. Prog', 'Daewoo', 3),
  (1056, 2023, 1, 0.9999999922904133, 'cumulative_progress_actual', 133, 'Actual Cumm. Prog', 'Daewoo', 3),
  (1057, 2023, 2, 0.9999999922904133, 'cumulative_progress_actual', 133, 'Actual Cumm. Prog', 'Daewoo', 3),
  (1058, 2023, 3, 0.9999999922904133, 'cumulative_progress_actual', 133, 'Actual Cumm. Prog', 'Daewoo', 3),
  (1059, 2023, 4, 0.9999999922904133, 'cumulative_progress_actual', 133, 'Actual Cumm. Prog', 'Daewoo', 3),
  (1060, 2023, 5, 0.9999999922904133, 'cumulative_progress_actual', 133, 'Actual Cumm. Prog', 'Daewoo', 3),
  (1061, 2023, 6, 0.9999999922904133, 'cumulative_progress_actual', 133, 'Actual Cumm. Prog', 'Daewoo', 3),
  (1062, 2023, 7, 0.9999999922904133, 'cumulative_progress_actual', 133, 'Actual Cumm. Prog', 'Daewoo', 3),
  (1063, 2023, 8, 0.9999999922904133, 'cumulative_progress_actual', 133, 'Actual Cumm. Prog', 'Daewoo', 3),
  (1064, 2023, 9, 0.9999999922904133, 'cumulative_progress_actual', 133, 'Actual Cumm. Prog', 'Daewoo', 3),
  (1065, 2019, 4, 0.0, 'unknown_134', 134, 'Plan per Month', 'Daewoo', 3),
  (1066, 2019, 5, 0.001632317138946132, 'unknown_134', 134, 'Plan per Month', 'Daewoo', 3),
  (1067, 2019, 6, 0.04199251398022843, 'unknown_134', 134, 'Plan per Month', 'Daewoo', 3),
  (1068, 2019, 7, 0.006281292507931892, 'unknown_134', 134, 'Plan per Month', 'Daewoo', 3),
  (1069, 2019, 8, 0.021018893347733, 'unknown_134', 134, 'Plan per Month', 'Daewoo', 3),
  (1070, 2019, 9, 0.0474309168324485, 'unknown_134', 134, 'Plan per Month', 'Daewoo', 3),
  (1071, 2019, 10, 0.004683220115126993, 'unknown_134', 134, 'Plan per Month', 'Daewoo', 3),
  (1072, 2019, 11, 0.0028364970393200822, 'unknown_134', 134, 'Plan per Month', 'Daewoo', 3),
  (1073, 2019, 12, 0.001767098008579493, 'unknown_134', 134, 'Plan per Month', 'Daewoo', 3),
  (1074, 2020, 1, 0.021310110642831726, 'unknown_134', 134, 'Plan per Month', 'Daewoo', 3),
  (1075, 2020, 2, 0.02844056655353086, 'unknown_134', 134, 'Plan per Month', 'Daewoo', 3),
  (1076, 2020, 3, 0.22023946255440033, 'unknown_134', 134, 'Plan per Month', 'Daewoo', 3),
  (1077, 2020, 4, 0.04281592880323554, 'unknown_134', 134, 'Plan per Month', 'Daewoo', 3),
  (1078, 2020, 5, 0.04465535163465684, 'unknown_134', 134, 'Plan per Month', 'Daewoo', 3),
  (1079, 2020, 6, 0.019420386592801098, 'unknown_134', 134, 'Plan per Month', 'Daewoo', 3),
  (1080, 2020, 7, 0.02668159479498189, 'unknown_134', 134, 'Plan per Month', 'Daewoo', 3),
  (1081, 2020, 8, 0.13544778180165784, 'unknown_134', 134, 'Plan per Month', 'Daewoo', 3),
  (1082, 2020, 9, 0.0022985028865279977, 'unknown_134', 134, 'Plan per Month', 'Daewoo', 3),
  (1083, 2020, 10, 0.006787152236600202, 'unknown_134', 134, 'Plan per Month', 'Daewoo', 3),
  (1084, 2020, 11, 0.04589838822383452, 'unknown_134', 134, 'Plan per Month', 'Daewoo', 3),
  (1085, 2020, 12, 0.03090507472261772, 'unknown_134', 134, 'Plan per Month', 'Daewoo', 3),
  (1086, 2021, 1, 0.06527283309260479, 'unknown_134', 134, 'Plan per Month', 'Daewoo', 3),
  (1087, 2021, 2, 0.0011841164894040856, 'unknown_134', 134, 'Plan per Month', 'Daewoo', 3),
  (1088, 2021, 3, 0.0010000000000000009, 'unknown_134', 134, 'Plan per Month', 'Daewoo', 3),
  (1089, 2021, 4, 0.0020000000000000018, 'unknown_134', 134, 'Plan per Month', 'Daewoo', 3),
  (1090, 2021, 5, 0.0020000000000000018, 'unknown_134', 134, 'Plan per Month', 'Daewoo', 3),
  (1091, 2021, 6, 0.0005224282720841522, 'unknown_134', 134, 'Plan per Month', 'Daewoo', 3),
  (1092, 2021, 7, 0.030079047663980396, 'unknown_134', 134, 'Plan per Month', 'Daewoo', 3),
  (1093, 2021, 8, 0.027277726349745235, 'unknown_134', 134, 'Plan per Month', 'Daewoo', 3),
  (1094, 2021, 9, 0.00212079771419027, 'unknown_134', 134, 'Plan per Month', 'Daewoo', 3),
  (1095, 2021, 10, 0.0012863854936254748, 'unknown_134', 134, 'Plan per Month', 'Daewoo', 3),
  (1096, 2021, 11, 0.002926741202016525, 'unknown_134', 134, 'Plan per Month', 'Daewoo', 3),
  (1097, 2021, 12, 0.0153589637691538, 'unknown_134', 134, 'Plan per Month', 'Daewoo', 3),
  (1098, 2022, 1, 0.02906474764581335, 'unknown_134', 134, 'Plan per Month', 'Daewoo', 3),
  (1099, 2022, 2, 0.0358536360352969, 'unknown_134', 134, 'Plan per Month', 'Daewoo', 3),
  (1100, 2022, 3, 0.023721019276600197, 'unknown_134', 134, 'Plan per Month', 'Daewoo', 3);

INSERT INTO `tb_t_subcontractor_monthly` (`id`, `year`, `month`, `value`, `metric`, `excel_row`, `raw_label`, `subcontractor`, `subcontractor_id`) VALUES
  (1101, 2022, 4, 0.0071386835829740924, 'unknown_134', 134, 'Plan per Month', 'Daewoo', 3),
  (1102, 2022, 5, 0.00030741313002613513, 'unknown_134', 134, 'Plan per Month', 'Daewoo', 3),
  (1103, 2022, 6, 0.0003423969287389417, 'unknown_134', 134, 'Plan per Month', 'Daewoo', 3),
  (1104, 2022, 7, 0.0, 'unknown_134', 134, 'Plan per Month', 'Daewoo', 3),
  (1105, 2022, 8, 0.0, 'unknown_134', 134, 'Plan per Month', 'Daewoo', 3),
  (1106, 2022, 9, 5.226167831828832e-09, 'unknown_134', 134, 'Plan per Month', 'Daewoo', 3),
  (1107, 2022, 10, 0.0, 'unknown_134', 134, 'Plan per Month', 'Daewoo', 3),
  (1108, 2022, 11, 0.0, 'unknown_134', 134, 'Plan per Month', 'Daewoo', 3),
  (1109, 2022, 12, 0.0, 'unknown_134', 134, 'Plan per Month', 'Daewoo', 3),
  (1110, 2023, 1, 0.0, 'unknown_134', 134, 'Plan per Month', 'Daewoo', 3),
  (1111, 2023, 2, 0.0, 'unknown_134', 134, 'Plan per Month', 'Daewoo', 3),
  (1112, 2023, 3, 0.0, 'unknown_134', 134, 'Plan per Month', 'Daewoo', 3),
  (1113, 2023, 4, 0.0, 'unknown_134', 134, 'Plan per Month', 'Daewoo', 3),
  (1114, 2023, 5, 0.0, 'unknown_134', 134, 'Plan per Month', 'Daewoo', 3),
  (1115, 2023, 6, 0.0, 'unknown_134', 134, 'Plan per Month', 'Daewoo', 3),
  (1116, 2023, 7, 0.0, 'unknown_134', 134, 'Plan per Month', 'Daewoo', 3),
  (1117, 2023, 8, 0.0, 'unknown_134', 134, 'Plan per Month', 'Daewoo', 3),
  (1118, 2023, 9, 0.0, 'unknown_134', 134, 'Plan per Month', 'Daewoo', 3),
  (1119, 2019, 4, 0.0, 'unknown_135', 135, 'Actual per Month', 'Daewoo', 3),
  (1120, 2019, 5, 0.0, 'unknown_135', 135, 'Actual per Month', 'Daewoo', 3),
  (1121, 2019, 6, 0.0, 'unknown_135', 135, 'Actual per Month', 'Daewoo', 3),
  (1122, 2019, 7, 0.0, 'unknown_135', 135, 'Actual per Month', 'Daewoo', 3),
  (1123, 2019, 8, 0.0, 'unknown_135', 135, 'Actual per Month', 'Daewoo', 3),
  (1124, 2019, 9, 0.0, 'unknown_135', 135, 'Actual per Month', 'Daewoo', 3),
  (1125, 2019, 10, 0.01242875268717643, 'unknown_135', 135, 'Actual per Month', 'Daewoo', 3),
  (1126, 2019, 11, 0.02345605169253863, 'unknown_135', 135, 'Actual per Month', 'Daewoo', 3),
  (1127, 2019, 12, 0.022089729689921275, 'unknown_135', 135, 'Actual per Month', 'Daewoo', 3),
  (1128, 2020, 1, 0.02676319028065284, 'unknown_135', 135, 'Actual per Month', 'Daewoo', 3),
  (1129, 2020, 2, 0.08984819185714166, 'unknown_135', 135, 'Actual per Month', 'Daewoo', 3),
  (1130, 2020, 3, 0.10234533965953771, 'unknown_135', 135, 'Actual per Month', 'Daewoo', 3),
  (1131, 2020, 4, 0.06853276485377796, 'unknown_135', 135, 'Actual per Month', 'Daewoo', 3),
  (1132, 2020, 5, 0.10030242991759525, 'unknown_135', 135, 'Actual per Month', 'Daewoo', 3),
  (1133, 2020, 6, 0.09479649411818536, 'unknown_135', 135, 'Actual per Month', 'Daewoo', 3),
  (1134, 2020, 7, 0.07954475912898962, 'unknown_135', 135, 'Actual per Month', 'Daewoo', 3),
  (1135, 2020, 8, 0.06975081757834034, 'unknown_135', 135, 'Actual per Month', 'Daewoo', 3),
  (1136, 2020, 9, 0.029099938473941656, 'unknown_135', 135, 'Actual per Month', 'Daewoo', 3),
  (1137, 2020, 10, 0.06025010265525588, 'unknown_135', 135, 'Actual per Month', 'Daewoo', 3),
  (1138, 2020, 11, 0.07381715207978357, 'unknown_135', 135, 'Actual per Month', 'Daewoo', 3),
  (1139, 2020, 12, 0.0001884665963233223, 'unknown_135', 135, 'Actual per Month', 'Daewoo', 3),
  (1140, 2021, 1, 0.0, 'unknown_135', 135, 'Actual per Month', 'Daewoo', 3),
  (1141, 2021, 2, 6.905950056468324e-05, 'unknown_135', 135, 'Actual per Month', 'Daewoo', 3),
  (1142, 2021, 3, 0.003716759230273814, 'unknown_135', 135, 'Actual per Month', 'Daewoo', 3),
  (1143, 2021, 4, 0.008000000000000007, 'unknown_135', 135, 'Actual per Month', 'Daewoo', 3),
  (1144, 2021, 5, 0.0020000000000000018, 'unknown_135', 135, 'Actual per Month', 'Daewoo', 3),
  (1145, 2021, 6, 0.0020305244217029284, 'unknown_135', 135, 'Actual per Month', 'Daewoo', 3),
  (1146, 2021, 7, 0.005868062290889209, 'unknown_135', 135, 'Actual per Month', 'Daewoo', 3),
  (1147, 2021, 8, 0.0, 'unknown_135', 135, 'Actual per Month', 'Daewoo', 3),
  (1148, 2021, 9, 0.0027707631294179302, 'unknown_135', 135, 'Actual per Month', 'Daewoo', 3),
  (1149, 2021, 10, 0.0013306501579899432, 'unknown_135', 135, 'Actual per Month', 'Daewoo', 3),
  (1150, 2021, 11, 0.01052672145311151, 'unknown_135', 135, 'Actual per Month', 'Daewoo', 3);

INSERT INTO `tb_t_subcontractor_monthly` (`id`, `year`, `month`, `value`, `metric`, `excel_row`, `raw_label`, `subcontractor`, `subcontractor_id`) VALUES
  (1151, 2021, 12, 0.015741420577202847, 'unknown_135', 135, 'Actual per Month', 'Daewoo', 3),
  (1152, 2022, 1, 0.028672624510219125, 'unknown_135', 135, 'Actual per Month', 'Daewoo', 3),
  (1153, 2022, 2, 0.03351218593159078, 'unknown_135', 135, 'Actual per Month', 'Daewoo', 3),
  (1154, 2022, 3, 0.007833459685733124, 'unknown_135', 135, 'Actual per Month', 'Daewoo', 3),
  (1155, 2022, 4, 0.011155251611609351, 'unknown_135', 135, 'Actual per Month', 'Daewoo', 3),
  (1156, 2022, 5, 0.006543922504396837, 'unknown_135', 135, 'Actual per Month', 'Daewoo', 3),
  (1157, 2022, 6, 0.003383468885340357, 'unknown_135', 135, 'Actual per Month', 'Daewoo', 3),
  (1158, 2022, 7, 0.0005930392639833526, 'unknown_135', 135, 'Actual per Month', 'Daewoo', 3),
  (1159, 2022, 8, 0.0008391265940995707, 'unknown_135', 135, 'Actual per Month', 'Daewoo', 3),
  (1160, 2022, 9, 0.0012575557856442376, 'unknown_135', 135, 'Actual per Month', 'Daewoo', 3),
  (1161, 2022, 10, 0.0006368165573940043, 'unknown_135', 135, 'Actual per Month', 'Daewoo', 3),
  (1162, 2022, 11, 0.00030439893008815666, 'unknown_135', 135, 'Actual per Month', 'Daewoo', 3),
  (1163, 2022, 12, 0.0, 'unknown_135', 135, 'Actual per Month', 'Daewoo', 3),
  (1164, 2023, 1, 0.0, 'unknown_135', 135, 'Actual per Month', 'Daewoo', 3),
  (1165, 2023, 2, 0.0, 'unknown_135', 135, 'Actual per Month', 'Daewoo', 3),
  (1166, 2023, 3, 0.0, 'unknown_135', 135, 'Actual per Month', 'Daewoo', 3),
  (1167, 2023, 4, 0.0, 'unknown_135', 135, 'Actual per Month', 'Daewoo', 3),
  (1168, 2023, 5, 0.0, 'unknown_135', 135, 'Actual per Month', 'Daewoo', 3),
  (1169, 2023, 6, 0.0, 'unknown_135', 135, 'Actual per Month', 'Daewoo', 3),
  (1170, 2023, 7, 0.0, 'unknown_135', 135, 'Actual per Month', 'Daewoo', 3),
  (1171, 2023, 8, 0.0, 'unknown_135', 135, 'Actual per Month', 'Daewoo', 3),
  (1172, 2023, 9, 0.0, 'unknown_135', 135, 'Actual per Month', 'Daewoo', 3);

-- tb_t_project_progress (162 rows)
INSERT INTO `tb_t_project_progress` (`id`, `subcontractor`, `year`, `month`, `overall_progress_pct`, `plan_progress_pct`, `subcontractor_id`, `project_id`) VALUES
  (1, 'Daewoo', 2019, 4, 0.0, 0.0, 3, 1),
  (2, 'Daewoo', 2019, 5, 0.0, 0.001632317138946132, 3, 1),
  (3, 'Daewoo', 2019, 6, 0.0, 0.04362483111917456, 3, 1),
  (4, 'Daewoo', 2019, 7, 0.0, 0.049906123627106454, 3, 1),
  (5, 'Daewoo', 2019, 8, 0.0, 0.07092501697483945, 3, 1),
  (6, 'Daewoo', 2019, 9, 0.0, 0.11835593380728796, 3, 1),
  (7, 'Daewoo', 2019, 10, 0.01242875268717643, 0.12303915392241495, 3, 1),
  (8, 'Daewoo', 2019, 11, 0.03588480437971506, 0.12587565096173503, 3, 1),
  (9, 'Daewoo', 2019, 12, 0.05797453406963633, 0.12764274897031452, 3, 1),
  (10, 'Daewoo', 2020, 1, 0.08473772435028917, 0.14895285961314625, 3, 1),
  (11, 'Daewoo', 2020, 2, 0.17458591620743083, 0.1773934261666771, 3, 1),
  (12, 'Daewoo', 2020, 3, 0.27693125586696854, 0.39763288872107744, 3, 1),
  (13, 'Daewoo', 2020, 4, 0.3454640207207465, 0.440448817524313, 3, 1),
  (14, 'Daewoo', 2020, 5, 0.44576645063834175, 0.4851041691589698, 3, 1),
  (15, 'Daewoo', 2020, 6, 0.5405629447565271, 0.5045245557517709, 3, 1),
  (16, 'Daewoo', 2020, 7, 0.6201077038855167, 0.5312061505467528, 3, 1),
  (17, 'Daewoo', 2020, 8, 0.6898585214638571, 0.6666539323484106, 3, 1),
  (18, 'Daewoo', 2020, 9, 0.7189584599377987, 0.6689524352349386, 3, 1),
  (19, 'Daewoo', 2020, 10, 0.7792085625930546, 0.6757395874715388, 3, 1),
  (20, 'Daewoo', 2020, 11, 0.8530257146728382, 0.7216379756953734, 3, 1),
  (21, 'Daewoo', 2020, 12, 0.8532141812691615, 0.7525430504179911, 3, 1),
  (22, 'Daewoo', 2021, 1, 0.8532141812691615, 0.8178158835105959, 3, 1),
  (23, 'Daewoo', 2021, 2, 0.8532832407697262, 0.819, 3, 1),
  (24, 'Daewoo', 2021, 3, 0.857, 0.82, 3, 1),
  (25, 'Daewoo', 2021, 4, 0.865, 0.822, 3, 1),
  (26, 'Daewoo', 2021, 5, 0.867, 0.824, 3, 1),
  (27, 'Daewoo', 2021, 6, 0.8690305244217029, 0.8245224282720841, 3, 1),
  (28, 'Daewoo', 2021, 7, 0.8748985867125921, 0.8546014759360645, 3, 1),
  (29, 'Daewoo', 2021, 8, 0.8748985867125921, 0.8818792022858097, 3, 1),
  (30, 'Daewoo', 2021, 9, 0.8776693498420101, 0.884, 3, 1),
  (31, 'Daewoo', 2021, 10, 0.879, 0.8852863854936255, 3, 1),
  (32, 'Daewoo', 2021, 11, 0.8895267214531115, 0.888213126695642, 3, 1),
  (33, 'Daewoo', 2021, 12, 0.9052681420303144, 0.9035720904647958, 3, 1),
  (34, 'Daewoo', 2022, 1, 0.9339407665405335, 0.9326368381106092, 3, 1),
  (35, 'Daewoo', 2022, 2, 0.9674529524721243, 0.968490474145906, 3, 1),
  (36, 'Daewoo', 2022, 3, 0.9752864121578574, 0.9922114934225063, 3, 1),
  (37, 'Daewoo', 2022, 4, 0.9864416637694667, 0.9993501770054803, 3, 1),
  (38, 'Daewoo', 2022, 5, 0.9929855862738636, 0.9996575901355065, 3, 1),
  (39, 'Daewoo', 2022, 6, 0.9963690551592039, 0.9999999870642454, 3, 1),
  (40, 'Daewoo', 2022, 7, 0.9969620944231873, 0.9999999870642454, 3, 1),
  (41, 'Daewoo', 2022, 8, 0.9978012210172869, 0.9999999870642454, 3, 1),
  (42, 'Daewoo', 2022, 9, 0.9990587768029311, 0.9999999922904133, 3, 1),
  (43, 'Daewoo', 2022, 10, 0.9996955933603251, 0.9999999922904133, 3, 1),
  (44, 'Daewoo', 2022, 11, 0.9999999922904133, 0.9999999922904133, 3, 1),
  (45, 'Daewoo', 2022, 12, 0.9999999922904133, 0.9999999922904133, 3, 1),
  (46, 'Daewoo', 2023, 1, 0.9999999922904133, 0.9999999922904133, 3, 1),
  (47, 'Daewoo', 2023, 2, 0.9999999922904133, 0.9999999922904133, 3, 1),
  (48, 'Daewoo', 2023, 3, 0.9999999922904133, 0.9999999922904133, 3, 1),
  (49, 'Daewoo', 2023, 4, 0.9999999922904133, 0.9999999922904133, 3, 1),
  (50, 'Daewoo', 2023, 5, 0.9999999922904133, 0.9999999922904133, 3, 1);

INSERT INTO `tb_t_project_progress` (`id`, `subcontractor`, `year`, `month`, `overall_progress_pct`, `plan_progress_pct`, `subcontractor_id`, `project_id`) VALUES
  (51, 'Daewoo', 2023, 6, 0.9999999922904133, 0.9999999922904133, 3, 1),
  (52, 'Daewoo', 2023, 7, 0.9999999922904133, 0.9999999922904133, 3, 1),
  (53, 'Daewoo', 2023, 8, 0.9999999922904133, 0.9999999922904133, 3, 1),
  (54, 'Daewoo', 2023, 9, 0.9999999922904133, 0.9999999922904133, 3, 1),
  (55, 'Meindo', 2019, 4, 0.0, 0.0, 1, 1),
  (56, 'Meindo', 2019, 5, 0.0, 0.0, 1, 1),
  (57, 'Meindo', 2019, 6, 2.627683452448057e-05, 0.007505440513044852, 1, 1),
  (58, 'Meindo', 2019, 7, 0.00018615090476297328, 0.021631634608419797, 1, 1),
  (59, 'Meindo', 2019, 8, 0.0034873795110171506, 0.04996344258637726, 1, 1),
  (60, 'Meindo', 2019, 9, 0.019297648180012738, 0.08304015545808527, 1, 1),
  (61, 'Meindo', 2019, 10, 0.052595194486311975, 0.13099818821303333, 1, 1),
  (62, 'Meindo', 2019, 11, 0.13271138483845119, 0.22765929674299493, 1, 1),
  (63, 'Meindo', 2019, 12, 0.2325379955246979, 0.29548200057376584, 1, 1),
  (64, 'Meindo', 2020, 1, 0.33432204855296965, 0.36544575801189577, 1, 1),
  (65, 'Meindo', 2020, 2, 0.45036106180821267, 0.45444907142729396, 1, 1),
  (66, 'Meindo', 2020, 3, 0.5209380984163268, 0.5089570697400259, 1, 1),
  (67, 'Meindo', 2020, 4, 0.5209602807970033, 0.5143094422479801, 1, 1),
  (68, 'Meindo', 2020, 5, 0.5210784495508727, 0.5158999843892306, 1, 1),
  (69, 'Meindo', 2020, 6, 0.5285661867103005, 0.5225325358848762, 1, 1),
  (70, 'Meindo', 2020, 7, 0.5817903807939164, 0.52470283388403, 1, 1),
  (71, 'Meindo', 2020, 8, 0.5857471646368492, 0.5796057934302983, 1, 1),
  (72, 'Meindo', 2020, 9, 0.594895294565264, 0.5917718010561546, 1, 1),
  (73, 'Meindo', 2020, 10, 0.6251749529064156, 0.6206512181379849, 1, 1),
  (74, 'Meindo', 2020, 11, 0.6481685968523445, 0.6429051486904549, 1, 1),
  (75, 'Meindo', 2020, 12, 0.6498629054834992, 0.7168924292273481, 1, 1),
  (76, 'Meindo', 2021, 1, 0.6498629054834992, 0.717, 1, 1),
  (77, 'Meindo', 2021, 2, 0.6498629054834992, 0.718, 1, 1),
  (78, 'Meindo', 2021, 3, 0.651, 0.718, 1, 1),
  (79, 'Meindo', 2021, 4, 0.652, 0.719, 1, 1),
  (80, 'Meindo', 2021, 5, 0.655, 0.72, 1, 1),
  (81, 'Meindo', 2021, 6, 0.658, 0.721, 1, 1),
  (82, 'Meindo', 2021, 7, 0.66, 0.722, 1, 1),
  (83, 'Meindo', 2021, 8, 0.67, 0.722689217283614, 1, 1),
  (84, 'Meindo', 2021, 9, 0.68, 0.753926297032108, 1, 1),
  (85, 'Meindo', 2021, 10, 0.69, 0.755, 1, 1),
  (86, 'Meindo', 2021, 11, 0.7193779599522161, 0.756, 1, 1),
  (87, 'Meindo', 2021, 12, 0.7450035123569074, 0.7573728633933975, 1, 1),
  (88, 'Meindo', 2022, 1, 0.7926865986014868, 0.8446946431049542, 1, 1),
  (89, 'Meindo', 2022, 2, 0.8434481462646072, 0.9043714279231119, 1, 1),
  (90, 'Meindo', 2022, 3, 0.880323599427119, 0.9382325770227743, 1, 1),
  (91, 'Meindo', 2022, 4, 0.929709017895483, 0.9763144523744245, 1, 1),
  (92, 'Meindo', 2022, 5, 0.9550238185266561, 0.9888143322481762, 1, 1),
  (93, 'Meindo', 2022, 6, 0.9701165752123301, 0.9920311452507113, 1, 1),
  (94, 'Meindo', 2022, 7, 0.9777475390469578, 0.9960938262448601, 1, 1),
  (95, 'Meindo', 2022, 8, 0.9826570891052392, 0.997699655824843, 1, 1),
  (96, 'Meindo', 2022, 9, 0.9902591813748587, 0.999699002206269, 1, 1),
  (97, 'Meindo', 2022, 10, 0.9919188205293635, 0.9997074721266157, 1, 1),
  (98, 'Meindo', 2022, 11, 0.9929798611410929, 0.9997088221940771, 1, 1),
  (99, 'Meindo', 2022, 12, 0.9955170029645052, 0.9997088221940771, 1, 1),
  (100, 'Meindo', 2023, 1, 0.9999094580234119, 0.9997703832669157, 1, 1);

INSERT INTO `tb_t_project_progress` (`id`, `subcontractor`, `year`, `month`, `overall_progress_pct`, `plan_progress_pct`, `subcontractor_id`, `project_id`) VALUES
  (101, 'Meindo', 2023, 2, 0.9999774555679148, 0.9998944692694945, 1, 1),
  (102, 'Meindo', 2023, 3, 0.9999806109193188, 0.9999779831293136, 1, 1),
  (103, 'Meindo', 2023, 4, 0.9999950932588132, 0.9999995062987836, 1, 1),
  (104, 'Meindo', 2023, 5, 0.9999956575491701, 0.9999999960182255, 1, 1),
  (105, 'Meindo', 2023, 6, 0.9999956575491701, 0.9999999960182255, 1, 1),
  (106, 'Meindo', 2023, 7, 1.0, 0.9999999960182255, 1, 1),
  (107, 'Meindo', 2023, 8, 1.0000000000744333, 0.9999999960182255, 1, 1),
  (108, 'Meindo', 2023, 9, 1.0000000000744333, 0.9999999960182255, 1, 1),
  (109, 'Penta', 2019, 4, 0.0, 0.0, 2, 1),
  (110, 'Penta', 2019, 5, 6.442253115131809e-05, 0.0004900712094408679, 2, 1),
  (111, 'Penta', 2019, 6, 0.004323279455987066, 0.017721577641677692, 2, 1),
  (112, 'Penta', 2019, 7, 0.01410665788656254, 0.0401166886578544, 2, 1),
  (113, 'Penta', 2019, 8, 0.029373220895895367, 0.07140375612492855, 2, 1),
  (114, 'Penta', 2019, 9, 0.04720519374033933, 0.09795522640803866, 2, 1),
  (115, 'Penta', 2019, 10, 0.06531627495647722, 0.1245794314102314, 2, 1),
  (116, 'Penta', 2019, 11, 0.10616256323063399, 0.1725660235249772, 2, 1),
  (117, 'Penta', 2019, 12, 0.15538823181806896, 0.1995932580747413, 2, 1),
  (118, 'Penta', 2020, 1, 0.20263005031290457, 0.22605083015119184, 2, 1),
  (119, 'Penta', 2020, 2, 0.2554806823295847, 0.25844762478051553, 2, 1),
  (120, 'Penta', 2020, 3, 0.3613513584042099, 0.3798153038763048, 2, 1),
  (121, 'Penta', 2020, 4, 0.3949191210449338, 0.41275962299746544, 2, 1),
  (122, 'Penta', 2020, 5, 0.4385312728468565, 0.4504363053881459, 2, 1),
  (123, 'Penta', 2020, 6, 0.4870661317744048, 0.47106018088548035, 2, 1),
  (124, 'Penta', 2020, 7, 0.5959890294627478, 0.5134700332238278, 2, 1),
  (125, 'Penta', 2020, 8, 0.7122656883982621, 0.691359302707297, 2, 1),
  (126, 'Penta', 2020, 9, 0.713077986060778, 0.6917597222075448, 2, 1),
  (127, 'Penta', 2020, 10, 0.7443757172578795, 0.6994539253364523, 2, 1),
  (128, 'Penta', 2020, 11, 0.746, 0.7172222298687707, 2, 1),
  (129, 'Penta', 2020, 12, 0.747, 0.7684734446607636, 2, 1),
  (130, 'Penta', 2021, 1, 0.748, 0.77, 2, 1),
  (131, 'Penta', 2021, 2, 0.749, 0.775, 2, 1),
  (132, 'Penta', 2021, 3, 0.75, 0.78, 2, 1),
  (133, 'Penta', 2021, 4, 0.7513399739895478, 0.785, 2, 1),
  (134, 'Penta', 2021, 5, 0.7649845944106941, 0.79, 2, 1),
  (135, 'Penta', 2021, 6, 0.7724072792878538, 0.7976180578383787, 2, 1),
  (136, 'Penta', 2021, 7, 0.7767923635325921, 0.799, 2, 1),
  (137, 'Penta', 2021, 8, 0.7767923635325921, 0.8, 2, 1),
  (138, 'Penta', 2021, 9, 0.7808750841443465, 0.801, 2, 1),
  (139, 'Penta', 2021, 10, 0.79, 0.8026344180225146, 2, 1),
  (140, 'Penta', 2021, 11, 0.8090812710795696, 0.8115210974327409, 2, 1),
  (141, 'Penta', 2021, 12, 0.8418908944627749, 0.8649181913800892, 2, 1),
  (142, 'Penta', 2022, 1, 0.8796829428654865, 0.9449016990106035, 2, 1),
  (143, 'Penta', 2022, 2, 0.9183129201350246, 0.9831227220475922, 2, 1),
  (144, 'Penta', 2022, 3, 0.943645213673558, 0.9984957118583175, 2, 1),
  (145, 'Penta', 2022, 4, 0.9699737013271484, 0.9998058502814346, 2, 1),
  (146, 'Penta', 2022, 5, 0.9819560054359419, 0.9999744954591218, 2, 1),
  (147, 'Penta', 2022, 6, 0.9911722036365618, 0.9999974094554462, 2, 1),
  (148, 'Penta', 2022, 7, 0.9958908259683327, 0.9999974721601916, 2, 1),
  (149, 'Penta', 2022, 8, 0.9977203569746467, 0.9999983454384764, 2, 1),
  (150, 'Penta', 2022, 9, 0.9992869691813785, 0.9999999946280161, 2, 1);

INSERT INTO `tb_t_project_progress` (`id`, `subcontractor`, `year`, `month`, `overall_progress_pct`, `plan_progress_pct`, `subcontractor_id`, `project_id`) VALUES
  (151, 'Penta', 2022, 10, 0.9997365056121569, 0.9999999946280161, 2, 1),
  (152, 'Penta', 2022, 11, 0.9999999946280161, 0.9999999946280161, 2, 1),
  (153, 'Penta', 2022, 12, 0.9999999946280161, 0.9999999946280161, 2, 1),
  (154, 'Penta', 2023, 1, 0.9999999946280161, 0.9999999946280161, 2, 1),
  (155, 'Penta', 2023, 2, 0.9999999946280161, 0.9999999946280161, 2, 1),
  (156, 'Penta', 2023, 3, 0.9999999946280161, 0.9999999946280161, 2, 1),
  (157, 'Penta', 2023, 4, 0.9999999946280161, 0.9999999946280161, 2, 1),
  (158, 'Penta', 2023, 5, 0.9999999946280161, 0.9999999946280161, 2, 1),
  (159, 'Penta', 2023, 6, 0.9999999946280161, 0.9999999946280161, 2, 1),
  (160, 'Penta', 2023, 7, 0.9999999946280161, 0.9999999946280161, 2, 1),
  (161, 'Penta', 2023, 8, 0.9999999946280161, 0.9999999946280161, 2, 1),
  (162, 'Penta', 2023, 9, 0.9999999946280161, 0.9999999946280161, 2, 1);

SET FOREIGN_KEY_CHECKS = 1;

-- End of script